PassengerId,Survived,Pclass,Age,SibSp,Parch,Fare
0.9603071131673128,1.266989801811655,0.8273772438659699,0.02673527282213031,-0.6025119615158758,0.0,1.5851873103734548
0.1399637897733735,-0.7892723355548015,-0.3693648410115938,0.02673527282213031,-0.6025119615158758,0.0,-1.1747270817559212
0.3188064100393508,-0.7892723355548015,-1.5661069258891576,0.02673527282213031,-0.6025119615158758,0.0,2.0316232164746784
1.594032050196754,1.266989801811655,0.8273772438659699,-0.9437218778079376,-0.6025119615158758,0.0,-0.7179639318154005
1.3840863655366937,1.266989801811655,-0.3693648410115938,0.13464516992942355,0.8102200324595066,0.0,0.1076293552428666
0.8047917911968977,-0.7892723355548015,0.8273772438659699,-0.6948679437147004,-0.6025119615158758,0.0,-0.7627462611790877
0.24882451515266402,1.266989801811655,0.8273772438659699,-0.2801113868926384,-0.6025119615158758,0.0,1.5851873103734548
0.43544290151716203,-0.7892723355548015,-1.5661069258891576,0.02673527282213031,-0.6025119615158758,0.0,2.0316232164746784
1.4890592078667237,1.266989801811655,0.8273772438659699,0.02673527282213031,-0.6025119615158758,0.0,-0.7961266098800885
-1.6601260620341802,-0.7892723355548015,0.8273772438659699,0.13464516992942355,0.8102200324595066,0.0,-0.29539695352818096
0.7853523759505958,1.266989801811655,-1.5661069258891576,2.084000986993115,-0.6025119615158758,0.0,0.5595073378043441
-0.16717897111819613,-0.7892723355548015,0.8273772438659699,-0.6948679437147004,0.8102200324595066,0.0,-0.6947593867649463
1.5590411027534106,-0.7892723355548015,0.8273772438659699,0.02673527282213031,2.9293180234225806,0.0,2.0316232164746784
0.08553342708372826,-0.7892723355548015,-1.5661069258891576,2.084000986993115,-0.6025119615158758,0.0,0.12228485737999564
-1.5318259214085879,-0.7892723355548015,0.8273772438659699,-0.6948679437147004,-0.6025119615158758,0.0,-0.793684026190567
-0.1283001406255924,1.266989801811655,-1.5661069258891576,0.3005477926582483,0.8102200324595066,0.0,2.0316232164746784
-0.093309193182249,-0.7892723355548015,0.8273772438659699,-0.6948679437147004,-0.6025119615158758,0.0,-0.7969424328323887
-0.7581371946057732,-0.7892723355548015,0.8273772438659699,0.02673527282213031,-0.6025119615158758,0.0,-0.8205524467753036
1.45018037737412,-0.7892723355548015,0.8273772438659699,1.1300609063023723,-0.6025119615158758,0.0,-0.8596337858076476
-0.1399637897733735,-0.7892723355548015,0.8273772438659699,0.02673527282213031,2.9293180234225806,0.0,0.06936383916282275
-0.746473545457992,-0.7892723355548015,0.8273772438659699,0.051693858565011144,0.8102200324595066,0.0,-0.3882151337299979
-0.8825494521821052,1.266989801811655,-1.5661069258891576,0.21759648129383594,-0.6025119615158758,0.0,2.0316232164746784
-0.734809896310211,1.266989801811655,-1.5661069258891576,0.02673527282213031,-0.6025119615158758,0.0,2.0316232164746784
-0.8514463877880222,1.266989801811655,-0.3693648410115938,-0.8607705664435251,-0.6025119615158758,0.0,-0.661784506956406
-0.5870703404383166,-0.7892723355548015,0.8273772438659699,-0.4460140096214632,-0.6025119615158758,0.0,-0.7890040358414437
1.014737475856958,1.266989801811655,-0.3693648410115938,1.295963529031197,-0.6025119615158758,0.0,-0.515229485585116
1.1974679791721956,-0.7892723355548015,0.8273772438659699,-0.5289653209858756,-0.6025119615158758,0.0,-0.7890040358414437
-0.9641949962165731,-0.7892723355548015,0.8273772438659699,1.0471095949379599,-0.6025119615158758,0.0,-0.7641678448863892
1.5162743892115464,1.266989801811655,-1.5661069258891576,0.7982556608447227,0.8102200324595066,0.0,2.0316232164746784
-0.8747736860835844,1.266989801811655,0.8273772438659699,-1.1096245005367624,-0.6025119615158758,0.0,-0.7814711077429595
1.1430376164825504,-0.7892723355548015,0.8273772438659699,0.02673527282213031,-0.6025119615158758,0.0,-0.7890040358414437
-1.6018078162952747,-0.7892723355548015,-0.3693648410115938,2.084000986993115,-0.6025119615158758,0.0,-0.661784506956406
-0.05831824573890563,1.266989801811655,-1.5661069258891576,-0.11420876416381363,-0.6025119615158758,0.0,0.12228485737999564
-1.1469254995318108,-0.7892723355548015,-0.3693648410115938,1.7936713972176714,-0.6025119615158758,0.0,-0.5628598675307852
0.548191509945713,-0.7892723355548015,-0.3693648410115938,1.4618661517600218,-0.6025119615158758,0.0,-0.44195197489947097
-0.9369798148717504,1.266989801811655,0.8273772438659699,-0.9437218778079376,-0.6025119615158758,0.0,-0.7814711077429595
-0.3926761879752979,-0.7892723355548015,-0.3693648410115938,0.5494017267514855,-0.6025119615158758,0.0,-0.539655322480331
1.1741406808766333,1.266989801811655,-0.3693648410115938,0.051693858565011144,-0.6025119615158758,0.0,-0.539655322480331
-0.4743217320097658,1.266989801811655,-0.3693648410115938,-0.6119166323502879,0.8102200324595066,0.0,0.24197145816654914
-0.7037068319161279,-0.7892723355548015,0.8273772438659699,0.02673527282213031,-0.6025119615158758,0.0,-0.7961266098800885
-1.2091316283199767,-0.7892723355548015,-0.3693648410115938,-0.3630626982570508,-0.6025119615158758,0.0,-0.539655322480331
1.5046107400637654,-0.7892723355548015,0.8273772438659699,0.02673527282213031,-0.6025119615158758,0.0,-0.8215685615901446
-0.9914101775613957,1.266989801811655,-0.3693648410115938,0.21759648129383594,-0.6025119615158758,0.0,-0.539655322480331
-1.314104470650007,1.266989801811655,0.8273772438659699,0.02673527282213031,-0.6025119615158758,0.0,-0.7949053180353277
-0.983634411462875,1.266989801811655,0.8273772438659699,-0.8607705664435251,0.8102200324595066,0.0,-0.7910362654711258
0.015551532197041501,1.266989801811655,-1.5661069258891576,1.8766227085820837,-0.6025119615158758,0.0,0.3152489688521941
-1.356871184191871,-0.7892723355548015,-1.5661069258891576,2.084000986993115,-0.6025119615158758,0.0,0.5181885921123986
-0.24493663210340366,-0.7892723355548015,0.8273772438659699,0.21759648129383594,-0.6025119615158758,0.0,-0.7875775669667633
1.0497284233003012,-0.7892723355548015,0.8273772438659699,-0.8607705664435251,-0.6025119615158758,0.0,-0.8010117772591314
-0.31491852699009043,-0.7892723355548015,0.8273772438659699,0.02673527282213031,0.8102200324595066,0.0,-0.417526138004256
0.11274860842855089,-0.7892723355548015,0.8273772438659699,-0.6119166323502879,-0.6025119615158758,0.0,-0.6941487408425658
-0.04276671354186413,-0.7892723355548015,-1.5661069258891576,1.710720085853259,0.8102200324595066,0.0,1.5560814831291163
-1.4851713248174634,-0.7892723355548015,0.8273772438659699,-2.105040236909711,2.9293180234225806,0.0,0.18823461699707605
1.2363468096647994,1.266989801811655,-1.5661069258891576,0.5494017267514855,0.8102200324595066,0.0,2.0316232164746784
1.1780285639258938,-0.7892723355548015,-1.5661069258891576,-0.8607705664435251,0.8102200324595066,0.0,1.4192967965159125
1.543489570556369,1.266989801811655,-1.5661069258891576,0.051693858565011144,-0.6025119615158758,0.0,0.33967480574740916
0.7698008437535543,1.266989801811655,0.8273772438659699,0.02673527282213031,-0.6025119615158758,0.0,1.5851873103734548
-0.31103064394083,-0.7892723355548015,0.8273772438659699,0.051693858565011144,-0.6025119615158758,0.0,-0.8205524467753036
0.1905062694137584,-0.7892723355548015,0.8273772438659699,-0.6948679437147004,-0.6025119615158758,0.0,-0.7814711077429595
-0.5326399777486714,-0.7892723355548015,-0.3693648410115938,0.051693858565011144,0.8102200324595066,0.0,-0.002286910785600916
0.8009039081476373,1.266989801811655,-0.3693648410115938,-0.9437218778079376,-0.6025119615158758,0.0,-0.051138584576030925
-0.5559672760442337,-0.7892723355548015,0.8273772438659699,-0.8607705664435251,-0.6025119615158758,0.0,-1.1747270817559212
1.0536163063495618,1.266989801811655,-1.5661069258891576,0.7153043494803103,-0.6025119615158758,0.0,2.0316232164746784
1.4540682604233803,-0.7892723355548015,0.8273772438659699,-1.6073323687232366,2.9293180234225806,0.0,0.18823461699707605
1.1158224351377277,-0.7892723355548015,-0.3693648410115938,0.02673527282213031,-0.6025119615158758,0.0,-1.1747270817559212
-0.7542493115565129,-0.7892723355548015,0.8273772438659699,-0.031257452799401245,0.8102200324595066,0.0,-0.6636164447235471
-1.1313739673347691,-0.7892723355548015,0.8273772438659699,0.02673527282213031,-0.6025119615158758,0.0,-0.8174992171634017
-0.16329108806893577,-0.7892723355548015,0.8273772438659699,-0.11420876416381363,0.8102200324595066,0.0,-0.4004280521776055
0.6415007031279619,-0.7892723355548015,0.8273772438659699,0.7982556608447227,0.8102200324595066,0.0,0.35310901603977735
-0.9330919318224901,-0.7892723355548015,0.8273772438659699,-2.2294672039563297,-0.6025119615158758,0.0,-0.6636164447235471
-0.8786615691328449,-0.7892723355548015,-0.3693648410115938,0.051693858565011144,-0.6025119615158758,0.0,-0.661784506956406
0.9641949962165731,-0.7892723355548015,0.8273772438659699,-0.3630626982570508,-0.6025119615158758,0.0,-0.8217737386200644
0.9369798148717504,-0.7892723355548015,0.8273772438659699,-1.2755271232655871,2.9293180234225806,0.0,0.7640737218017698
-0.24104874905414328,1.266989801811655,-1.5661069258891576,0.4664504153870731,0.8102200324595066,0.0,1.3655599553464393
0.40822772017233944,1.266989801811655,-1.5661069258891576,-1.02667318917235,-0.6025119615158758,0.0,2.0316232164746784
0.08942131013298864,-0.7892723355548015,0.8273772438659699,0.02673527282213031,-0.6025119615158758,0.0,-0.7973479017248494
0.8125675572954184,-0.7892723355548015,0.8273772438659699,-0.9437218778079376,-0.6025119615158758,0.0,-0.8449782836705185
0.7931281420491166,1.266989801811655,0.8273772438659699,-0.5289653209858756,-0.6025119615158758,0.0,-0.8058969446381745
0.1438516728226339,-0.7892723355548015,0.8273772438659699,1.710720085853259,-0.6025119615158758,0.0,-0.7814711077429595
1.1547012656303315,1.266989801811655,-1.5661069258891576,-0.6948679437147004,2.222952026434889,0.0,2.0316232164746784
-0.9719707623150938,1.266989801811655,-1.5661069258891576,2.084000986993115,-0.6025119615158758,0.0,2.0316232164746784
-1.562928985802671,1.266989801811655,-0.3693648410115938,-2.1879915482741232,0.8102200324595066,0.0,0.8564864331111263
0.0038878830492603753,1.266989801811655,-0.3693648410115938,-1.3584784346299994,-0.6025119615158758,0.0,-0.22211944284253596
0.7037068319161279,-0.7892723355548015,-0.3693648410115938,2.084000986993115,-0.6025119615158758,0.0,-0.5714089104441106
1.34520753504409,-0.7892723355548015,-0.3693648410115938,-1.1096245005367624,-0.6025119615158758,0.0,0.0954164367952591
-1.605695699344535,1.266989801811655,0.8273772438659699,0.02673527282213031,-0.6025119615158758,0.0,-0.7961266098800885
0.9292040487732297,-0.7892723355548015,-0.3693648410115938,2.084000986993115,0.8102200324595066,0.0,0.7304881960708492
-0.279927579546747,-0.7892723355548015,-1.5661069258891576,-0.6119166323502879,-0.6025119615158758,0.0,2.0316232164746784
-0.10497284233003014,-0.7892723355548015,-0.3693648410115938,0.051693858565011144,-0.6025119615158758,0.0,-0.539655322480331
1.5512653366548899,-0.7892723355548015,0.8273772438659699,-1.02667318917235,-0.6025119615158758,0.0,-0.7515494575463212
1.356871184191871,-0.7892723355548015,0.8273772438659699,-0.3630626982570508,-0.6025119615158758,0.0,-0.7890040358414437
1.461844026521901,1.266989801811655,0.8273772438659699,-0.19716007552822604,-0.6025119615158758,0.0,-0.7515494575463212
-1.0341768911032598,-0.7892723355548015,0.8273772438659699,0.5494017267514855,-0.6025119615158758,0.0,-1.1747270817559212
-0.11663649147781126,-0.7892723355548015,0.8273772438659699,0.02673527282213031,-0.6025119615158758,0.0,-0.7814711077429595
-0.30325487784230926,1.266989801811655,0.8273772438659699,0.02673527282213031,-0.6025119615158758,0.0,-0.8215685615901446
1.0419526572017805,-0.7892723355548015,0.8273772438659699,-0.031257452799401245,-0.6025119615158758,0.0,-0.7114520036991362
0.35768524053195455,1.266989801811655,-1.5661069258891576,0.051693858565011144,-0.6025119615158758,0.0,2.0316232164746784
-1.4307409621278182,-0.7892723355548015,0.8273772438659699,0.02673527282213031,-0.6025119615158758,0.0,-0.7814711077429595
-1.1274860842855088,-0.7892723355548015,-1.5661069258891576,1.7936713972176714,-0.6025119615158758,0.0,1.8237495741616405
-1.1235982012362484,1.266989801811655,0.8273772438659699,-1.1096245005367624,-0.6025119615158758,0.0,-0.7969424328323887
-0.2993669947930489,1.266989801811655,0.8273772438659699,0.02673527282213031,-0.6025119615158758,0.0,-0.7961266098800885
-0.24882451515266402,1.266989801811655,0.8273772438659699,-2.2294672039563297,-0.6025119615158758,0.0,-0.4057186884491091
-0.19439415246301878,-0.7892723355548015,0.8273772438659699,-0.6119166323502879,-0.6025119615158758,0.0,-0.7938892032204868
-1.232458926615539,1.266989801811655,0.8273772438659699,0.02673527282213031,0.8102200324595066,0.0,-0.08248670364734986
-0.6492764692264827,-0.7892723355548015,0.8273772438659699,-1.8561863028164738,2.9293180234225806,0.0,0.24807791739035287
-0.5715188082412752,1.266989801811655,-1.5661069258891576,0.02673527282213031,-0.6025119615158758,0.0,0.3152489688521941
-0.8981009843791468,-0.7892723355548015,0.8273772438659699,0.02673527282213031,0.8102200324595066,0.0,-0.7961266098800885
1.4151894299307766,1.266989801811655,-1.5661069258891576,0.3005477926582483,0.8102200324595066,0.0,1.4192967965159125
-1.5357138044578482,-0.7892723355548015,0.8273772438659699,-1.8561863028164738,2.9293180234225806,0.0,0.7640737218017698
1.730107956920867,-0.7892723355548015,0.8273772438659699,0.21759648129383594,-0.6025119615158758,0.0,-0.7961266098800885
1.0808314876943843,-0.7892723355548015,-0.3693648410115938,1.710720085853259,-0.6025119615158758,0.0,-0.539655322480331
-0.8281190894924599,-0.7892723355548015,-0.3693648410115938,2.084000986993115,-0.6025119615158758,0.0,-0.515229485585116
-1.5979199332460143,-0.7892723355548015,-1.5661069258891576,-0.11420876416381363,0.8102200324595066,0.0,2.0316232164746784
-1.5551532197041502,-0.7892723355548015,0.8273772438659699,0.02673527282213031,-0.6025119615158758,0.0,-0.7814711077429595
0.9680828792658335,-0.7892723355548015,-1.5661069258891576,2.084000986993115,-0.6025119615158758,0.0,0.12228485737999564
-1.2868892893051842,-0.7892723355548015,0.8273772438659699,-1.02667318917235,-0.6025119615158758,0.0,-0.46841492659174694
-1.2557862249111011,-0.7892723355548015,-0.3693648410115938,0.25907213697604214,0.8102200324595066,0.0,0.2942818304613415
0.7075947149653883,1.266989801811655,-1.5661069258891576,-0.6948679437147004,-0.6025119615158758,0.0,2.0316232164746784
-0.7153704810639091,1.266989801811655,0.8273772438659699,-2.1879915482741232,2.9293180234225806,0.0,0.35860482934120075
-0.8047917911968977,-0.7892723355548015,-0.3693648410115938,-0.8607705664435251,-0.6025119615158758,0.0,-0.661784506956406
-0.031103064394083002,1.266989801811655,-0.3693648410115938,-0.4460140096214632,2.222952026434889,0.0,-0.25875819818535845
0.5443036268964525,1.266989801811655,-1.5661069258891576,-0.9437218778079376,-0.6025119615158758,0.0,2.0316232164746784
1.3646469502903917,1.266989801811655,-1.5661069258891576,1.6277687744888465,-0.6025119615158758,0.0,0.09195773829089673
-0.7425856624087317,-0.7892723355548015,0.8273772438659699,0.9641582835735475,-0.6025119615158758,0.0,-0.18731262526685463
-0.6181734048323997,1.266989801811655,0.8273772438659699,0.051693858565011144,-0.6025119615158758,0.0,-0.710636180746836
-1.3646469502903917,-0.7892723355548015,0.8273772438659699,2.084000986993115,-0.6025119615158758,0.0,-0.8205524467753036
0.9564192301180523,1.266989801811655,0.8273772438659699,-2.105040236909711,-0.6025119615158758,0.0,-0.5192988300118588
-1.1858043300244145,-0.7892723355548015,0.8273772438659699,0.02673527282213031,-0.6025119615158758,0.0,-0.42994423348178334
-0.15162743892115463,-0.7892723355548015,0.8273772438659699,1.7936713972176714,-0.6025119615158758,0.0,-0.7961266098800885
-0.019439415246301876,1.266989801811655,-0.3693648410115938,1.295963529031197,0.8102200324595066,0.0,0.1076293552428666
-0.08164554403446789,-0.7892723355548015,0.8273772438659699,-0.9437218778079376,0.8102200324595066,0.0,-0.18731262526685463
1.3490954180933503,-0.7892723355548015,0.8273772438659699,0.02673527282213031,2.9293180234225806,0.0,2.0316232164746784
0.6492764692264827,1.266989801811655,0.8273772438659699,0.02673527282213031,0.8102200324595066,0.0,-0.417526138004256
1.5668168688519313,-0.7892723355548015,-0.3693648410115938,-0.11420876416381363,-0.6025119615158758,0.0,0.4373781533282692
-1.13914973343329,-0.7892723355548015,0.8273772438659699,2.084000986993115,-0.6025119615158758,0.0,-0.7814711077429595
-1.2713377571081428,-0.7892723355548015,-1.5661069258891576,-0.4460140096214632,-0.6025119615158758,0.0,2.0316232164746784
0.7309220132609505,-0.7892723355548015,-1.5661069258891576,0.02673527282213031,-0.6025119615158758,0.0,-1.1747270817559212
-0.3810125388275168,1.266989801811655,0.8273772438659699,0.02673527282213031,0.8102200324595066,0.0,-0.3882151337299979
1.314104470650007,-0.7892723355548015,0.8273772438659699,0.02673527282213031,0.8102200324595066,0.0,-0.029155331370337455
-1.1119345520884674,-0.7892723355548015,0.8273772438659699,0.02673527282213031,2.9293180234225806,0.0,2.0316232164746784
-1.213019511369237,1.266989801811655,-0.3693648410115938,-0.031257452799401245,0.8102200324595066,0.0,0.0954164367952591
-0.6881552997190864,1.266989801811655,-1.5661069258891576,2.084000986993115,-0.6025119615158758,0.0,2.0316232164746784
-1.7223321908223463,1.266989801811655,0.8273772438659699,-0.2801113868926384,-0.6025119615158758,0.0,-0.7875775669667633
0.30325487784230926,1.266989801811655,-1.5661069258891576,1.2130122176667846,-0.6025119615158758,0.0,1.6576538832741783
0.5948461065368374,-0.7892723355548015,0.8273772438659699,0.02673527282213031,-0.6025119615158758,0.0,-0.8217737386200644
1.2596741079603617,-0.7892723355548015,0.8273772438659699,0.21759648129383594,-0.6025119615158758,0.0,-0.7662049596834501
0.6764916505713053,-0.7892723355548015,-0.3693648410115938,-0.2801113868926384,-0.6025119615158758,0.0,-0.661784506956406
0.5015369133545884,-0.7892723355548015,0.8273772438659699,-1.1096245005367624,-0.6025119615158758,0.0,-0.7814711077429595
-0.2566002812511848,-0.7892723355548015,0.8273772438659699,-0.8607705664435251,-0.6025119615158758,0.0,-0.7949053180353277
0.8203433233939392,-0.7892723355548015,0.8273772438659699,0.02673527282213031,-0.6025119615158758,0.0,-0.7890040358414437
1.2674498740588824,-0.7892723355548015,0.8273772438659699,1.5448174631244342,-0.6025119615158758,0.0,-0.7910362654711258
-0.7192583641131695,-0.7892723355548015,0.8273772438659699,0.02673527282213031,-0.6025119615158758,0.0,-0.7961266098800885
0.13607590672411313,-0.7892723355548015,0.8273772438659699,-1.690283680087649,2.9293180234225806,0.0,1.1164164190152461
-0.8358948555909808,1.266989801811655,-1.5661069258891576,0.4664504153870731,0.8102200324595066,0.0,2.0316232164746784
-1.24412257576332,1.266989801811655,0.8273772438659699,-1.4414297459944119,0.8102200324595066,0.0,-0.6255512205060441
-0.1905062694137584,-0.7892723355548015,0.8273772438659699,0.13464516992942355,-0.6025119615158758,0.0,-0.7910362654711258
1.636798763738618,1.266989801811655,-0.3693648410115938,-0.19716007552822604,0.8102200324595066,0.0,-0.4977259308660049
1.2985529384529655,1.266989801811655,-1.5661069258891576,1.1300609063023723,-0.6025119615158758,0.0,2.0316232164746784
1.2518983418618408,-0.7892723355548015,0.8273772438659699,0.09316951424721734,-0.6025119615158758,0.0,-0.7961266098800885
0.062206128788166004,-0.7892723355548015,0.8273772438659699,0.3834991040226607,-0.6025119615158758,0.0,-0.7814711077429595
0.08164554403446789,-0.7892723355548015,-0.3693648410115938,0.02673527282213031,-0.6025119615158758,0.0,-1.1747270817559212
1.1235982012362484,-0.7892723355548015,-0.3693648410115938,-0.5289653209858756,-0.6025119615158758,0.0,-0.539655322480331
-0.19828203551227916,1.266989801811655,0.8273772438659699,-0.4460140096214632,-0.6025119615158758,0.0,-0.35890412945574
1.0108495928076977,-0.7892723355548015,-0.3693648410115938,0.7982556608447227,-0.6025119615158758,0.0,0.0954164367952591
-0.38878830492603755,1.266989801811655,-0.3693648410115938,-0.4460140096214632,-0.6025119615158758,0.0,-0.539655322480331
0.41600348627086015,-0.7892723355548015,0.8273772438659699,0.02673527282213031,-0.6025119615158758,0.0,-0.7922575573158865
0.093309193182249,1.266989801811655,0.8273772438659699,-2.2294672039563297,2.222952026434889,0.0,-0.23392689239768297
1.076943604645124,-0.7892723355548015,-0.3693648410115938,0.3834991040226607,-0.6025119615158758,0.0,-0.539655322480331
-0.36934888967973567,-0.7892723355548015,0.8273772438659699,-0.5289653209858756,-0.6025119615158758,0.0,-0.7240703910392043
-0.05054247964038488,1.266989801811655,-0.3693648410115938,1.0471095949379599,0.8102200324595066,0.0,0.0954164367952591
-1.7106685416745653,-0.7892723355548015,0.8273772438659699,0.02673527282213031,-0.6025119615158758,0.0,-0.761524969334327
0.5559672760442337,-0.7892723355548015,0.8273772438659699,-0.6119166323502879,-0.6025119615158758,0.0,-0.7814711077429595
-1.4268530790785579,1.266989801811655,-0.3693648410115938,-2.2294672039563297,-0.6025119615158758,0.0,0.24197145816654914
-0.8164554403446789,-0.7892723355548015,0.8273772438659699,0.02673527282213031,-0.6025119615158758,0.0,-0.8058969446381745
0.9719707623150938,-0.7892723355548015,-0.3693648410115938,1.8766227085820837,-0.6025119615158758,0.0,-0.515229485585116
1.0730557215958636,-0.7892723355548015,0.8273772438659699,-1.02667318917235,0.8102200324595066,0.0,-0.8301176045034698
0.031103064394083002,1.266989801811655,-1.5661069258891576,1.6277687744888465,0.8102200324595066,0.0,2.0316232164746784
-0.12052437452707164,1.266989801811655,0.8273772438659699,1.2130122176667846,-0.6025119615158758,0.0,-0.7875775669667633
1.189692213073675,1.266989801811655,0.8273772438659699,-1.9391376141808863,-0.6025119615158758,0.0,-0.5653024512203068
0.38878830492603755,-0.7892723355548015,-1.5661069258891576,2.084000986993115,-0.6025119615158758,0.0,0.0954164367952591
1.4074136638322559,-0.7892723355548015,0.8273772438659699,-0.9437218778079376,-0.6025119615158758,0.0,-0.7949053180353277
0.5054247964038489,-0.7892723355548015,0.8273772438659699,-0.8607705664435251,-0.6025119615158758,0.0,-0.466377811794686
-1.368534833339652,-0.7892723355548015,0.8273772438659699,-0.2801113868926384,0.8102200324595066,0.0,-0.16960389351782373
-0.5093126794531092,-0.7892723355548015,-0.3693648410115938,1.1300609063023723,0.8102200324595066,0.0,0.1076293552428666
0.279927579546747,-0.7892723355548015,0.8273772438659699,0.02673527282213031,-0.6025119615158758,0.0,0.005040840282963516
1.4424046112755993,-0.7892723355548015,0.8273772438659699,-0.5289653209858756,-0.6025119615158758,0.0,-0.7875775669667633
-0.6959310658176072,-0.7892723355548015,0.8273772438659699,-1.1096245005367624,2.9293180234225806,0.0,0.7640737218017698
0.36934888967973567,1.266989801811655,-1.5661069258891576,0.5494017267514855,-0.6025119615158758,0.0,2.0316232164746784
-0.34602159138417343,1.266989801811655,-1.5661069258891576,-0.6119166323502879,-0.6025119615158758,0.0,1.5121149767177293
1.6795654772804822,-0.7892723355548015,0.8273772438659699,-0.8607705664435251,-0.6025119615158758,0.0,-0.7890040358414437
-0.33824582528565267,1.266989801811655,0.8273772438659699,0.02673527282213031,-0.6025119615158758,0.0,-0.789814973626365
1.6640139450834406,-0.7892723355548015,0.8273772438659699,1.4618661517600218,-0.6025119615158758,0.0,-0.735062017642051
-1.1041587859899467,1.266989801811655,-0.3693648410115938,0.881206972209135,-0.6025119615158758,0.0,-0.4053132195566485
-1.2907771723544446,-0.7892723355548015,0.8273772438659699,-0.7778192550791128,0.8102200324595066,0.0,-0.6947593867649463
0.28381546259600743,1.266989801811655,-0.3693648410115938,0.5494017267514855,0.8102200324595066,0.0,0.0954164367952591
-1.0497284233003012,-0.7892723355548015,0.8273772438659699,-0.9437218778079376,0.8102200324595066,0.0,-0.7910362654711258
1.213019511369237,-0.7892723355548015,-0.3693648410115938,-0.9437218778079376,-0.6025119615158758,0.0,-0.612932833165976
-1.4424046112755993,1.266989801811655,0.8273772438659699,0.21759648129383594,-0.6025119615158758,0.0,1.5851873103734548
-1.2246831605170183,-0.7892723355548015,0.8273772438659699,0.3005477926582483,-0.6025119615158758,0.0,-0.7890040358414437
0.6181734048323997,1.266989801811655,-1.5661069258891576,0.4664504153870731,-0.6025119615158758,0.0,0.12228485737999564
-0.027215181344822627,-0.7892723355548015,-1.5661069258891576,2.084000986993115,0.8102200324595066,0.0,2.0316232164746784
-0.7114825980146487,-0.7892723355548015,-1.5661069258891576,1.8766227085820837,0.8102200324595066,0.0,2.0316232164746784
1.605695699344535,1.266989801811655,0.8273772438659699,-0.4460140096214632,-0.6025119615158758,0.0,-0.23392689239768297
-0.4626580828619847,-0.7892723355548015,0.8273772438659699,2.084000986993115,-0.6025119615158758,0.0,-0.8700147664881139
-0.8203433233939392,-0.7892723355548015,-0.3693648410115938,-0.4460140096214632,-0.6025119615158758,0.0,-0.661784506956406
0.8669979199850637,-0.7892723355548015,0.8273772438659699,1.1300609063023723,-0.6025119615158758,0.0,-0.7814711077429595
0.27603969649748666,1.266989801811655,-0.3693648410115938,0.3834991040226607,-0.6025119615158758,0.0,-0.661784506956406
0.14773955587189427,1.266989801811655,0.8273772438659699,2.084000986993115,-0.6025119615158758,0.0,-0.7063616592901734
0.7620250776550336,1.266989801811655,-1.5661069258891576,-0.4460140096214632,-0.6025119615158758,0.0,2.0316232164746784
-1.7262200738716067,1.266989801811655,-1.5661069258891576,0.7153043494803103,0.8102200324595066,0.0,2.0316232164746784
0.17884262026597728,-0.7892723355548015,0.8273772438659699,-0.6948679437147004,-0.6025119615158758,0.0,-0.8205524467753036
1.5979199332460143,1.266989801811655,-1.5661069258891576,1.295963529031197,0.8102200324595066,0.0,2.0316232164746784
-1.3957500146844748,-0.7892723355548015,0.8273772438659699,-1.1096245005367624,0.8102200324595066,0.0,0.5045492047901105
0.8514463877880222,1.266989801811655,0.8273772438659699,-0.7778192550791128,0.8102200324595066,0.0,-0.7875775669667633
-1.0264011250047391,-0.7892723355548015,-0.3693648410115938,0.02673527282213031,-0.6025119615158758,0.0,-0.4395093912099495
0.7503614285072524,-0.7892723355548015,0.8273772438659699,0.9641582835735475,-0.6025119615158758,0.0,0.7640737218017698
-0.9019888674284071,-0.7892723355548015,-0.3693648410115938,0.051693858565011144,-0.6025119615158758,0.0,-0.539655322480331
-1.3801984824874334,-0.7892723355548015,0.8273772438659699,-0.031257452799401245,-0.6025119615158758,0.0,-0.7814711077429595
-0.27603969649748666,-0.7892723355548015,0.8273772438659699,-2.1879915482741232,2.9293180234225806,0.0,-0.14517805662260871
-0.9797465284136146,1.266989801811655,-0.3693648410115938,-2.1879915482741232,0.8102200324595066,0.0,0.0954164367952591
-0.7620250776550336,-0.7892723355548015,-0.3693648410115938,2.0425253313109084,0.8102200324595066,0.0,0.0954164367952591
-0.2060578016107999,-0.7892723355548015,0.8273772438659699,-0.11420876416381363,2.222952026434889,0.0,-0.7875775669667633
0.8475585047387618,-0.7892723355548015,0.8273772438659699,0.5494017267514855,-0.6025119615158758,0.0,-0.8085447053576159
0.05831824573890563,1.266989801811655,-1.5661069258891576,1.5448174631244342,-0.6025119615158758,0.0,0.12228485737999564
1.368534833339652,1.266989801811655,0.8273772438659699,0.13464516992942355,-0.6025119615158758,0.0,-0.7505333427314803
1.6523502959356595,-0.7892723355548015,0.8273772438659699,-0.2801113868926384,-0.6025119615158758,0.0,-0.7890040358414437
-1.045840540251041,-0.7892723355548015,0.8273772438659699,0.02673527282213031,2.9293180234225806,0.0,0.06936383916282275
1.3918621316352144,1.266989801811655,0.8273772438659699,-2.2294672039563297,-0.6025119615158758,0.0,-0.7586720315849659
-0.7736887268028148,-0.7892723355548015,0.8273772438659699,-0.3630626982570508,-0.6025119615158758,0.0,-0.7949053180353277
0.11663649147781126,-0.7892723355548015,-1.5661069258891576,0.02673527282213031,-0.6025119615158758,0.0,1.3655599553464393
0.10108495928076976,-0.7892723355548015,0.8273772438659699,0.7153043494803103,-0.6025119615158758,0.0,-0.7515494575463212
-1.2596741079603617,-0.7892723355548015,0.8273772438659699,0.02673527282213031,-0.6025119615158758,0.0,-0.7814711077429595
1.0264011250047391,1.266989801811655,0.8273772438659699,0.02673527282213031,0.8102200324595066,0.0,-0.42994423348178334
-0.3615731235812149,-0.7892723355548015,0.8273772438659699,-1.1925758119011747,0.8102200324595066,0.0,-0.8215685615901446
-1.6523502959356595,-0.7892723355548015,-0.3693648410115938,0.4664504153870731,-0.6025119615158758,0.0,0.0954164367952591
0.8631100369358033,-0.7892723355548015,0.8273772438659699,0.02673527282213031,-0.6025119615158758,0.0,-0.7949053180353277
-1.189692213073675,-0.7892723355548015,-1.5661069258891576,-0.4460140096214632,-0.6025119615158758,0.0,2.0316232164746784
0.5365278607979318,-0.7892723355548015,-1.5661069258891576,0.5494017267514855,-0.6025119615158758,0.0,0.7854463290850829
0.4237792523693809,1.266989801811655,0.8273772438659699,-0.6119166323502879,-0.6025119615158758,0.0,-0.7949053180353277
0.8358948555909808,1.266989801811655,-1.5661069258891576,1.710720085853259,2.222952026434889,0.0,2.0316232164746784
0.6531643522757431,-0.7892723355548015,0.8273772438659699,0.02673527282213031,-0.6025119615158758,0.0,-0.7961266098800885
-0.9408676979210109,-0.7892723355548015,0.8273772438659699,1.3374391847134033,-0.6025119615158758,0.0,-0.8217737386200644
1.065279955497343,-0.7892723355548015,0.8273772438659699,0.3005477926582483,-0.6025119615158758,0.0,-0.7949053180353277
0.7814644929013355,-0.7892723355548015,0.8273772438659699,-0.8607705664435251,-0.6025119615158758,0.0,-0.7890040358414437
-0.8436706216895015,-0.7892723355548015,-0.3693648410115938,-0.9437218778079376,-0.6025119615158758,0.0,-0.539655322480331
-0.921428282674709,1.266989801811655,0.8273772438659699,-1.1096245005367624,-0.6025119615158758,0.0,-0.7961266098800885
1.1469254995318108,1.266989801811655,-1.5661069258891576,0.02673527282213031,-0.6025119615158758,0.0,0.2908231319569791
1.5318259214085879,1.266989801811655,-1.5661069258891576,0.02673527282213031,-0.6025119615158758,0.0,0.2761676298198501
0.7775766098520751,1.266989801811655,-1.5661069258891576,1.5448174631244342,0.8102200324595066,0.0,2.0316232164746784
0.29547911174378855,-0.7892723355548015,0.8273772438659699,-0.6119166323502879,-0.6025119615158758,0.0,-0.7890040358414437
1.3102165876007466,-0.7892723355548015,-1.5661069258891576,-0.031257452799401245,-0.6025119615158758,0.0,0.2908231319569791
-1.076943604645124,-0.7892723355548015,-1.5661069258891576,0.02673527282213031,-0.6025119615158758,0.0,0.09175256126097689
-0.43933078456642244,-0.7892723355548015,-1.5661069258891576,0.7153043494803103,-0.6025119615158758,0.0,2.0316232164746784
0.9758586453643542,-0.7892723355548015,0.8273772438659699,1.2130122176667846,-0.6025119615158758,0.0,-0.7814711077429595
-0.14773955587189427,1.266989801811655,-0.3693648410115938,-2.1879915482741232,0.8102200324595066,0.0,-0.25875819818535845
0.9914101775613957,1.266989801811655,-1.5661069258891576,-0.9437218778079376,0.8102200324595066,0.0,2.0316232164746784
0.23327298295562252,-0.7892723355548015,-1.5661069258891576,-0.9437218778079376,0.8102200324595066,0.0,2.0316232164746784
1.2557862249111011,-0.7892723355548015,0.8273772438659699,0.02673527282213031,0.8102200324595066,0.0,0.005040840282963516
-1.7028927755760443,-0.7892723355548015,0.8273772438659699,-2.2294672039563297,2.9293180234225806,0.0,-0.14517805662260871
1.1352618503840297,1.266989801811655,-1.5661069258891576,0.4664504153870731,-0.6025119615158758,0.0,2.0316232164746784
1.5784805179997123,-0.7892723355548015,0.8273772438659699,2.084000986993115,-0.6025119615158758,0.0,-0.7949053180353277
0.8864373352313656,1.266989801811655,-0.3693648410115938,0.13464516992942355,-0.6025119615158758,0.0,-0.539655322480331
1.1274860842855088,-0.7892723355548015,0.8273772438659699,-0.07273310848160744,-0.6025119615158758,0.0,-0.3882151337299979
-1.0536163063495618,-0.7892723355548015,-1.5661069258891576,2.084000986993115,-0.6025119615158758,0.0,0.32481412658036024
1.0069617097584371,-0.7892723355548015,0.8273772438659699,-0.2801113868926384,0.8102200324595066,0.0,-0.7910362654711258
0.48209749810828656,1.266989801811655,0.8273772438659699,0.21759648129383594,-0.6025119615158758,0.0,-0.7910362654711258
-1.5901441671474936,1.266989801811655,0.8273772438659699,0.02673527282213031,-0.6025119615158758,0.0,-0.8215685615901446
-0.9175403996254486,1.266989801811655,-1.5661069258891576,0.881206972209135,-0.6025119615158758,0.0,0.33967480574740916
0.9175403996254486,1.266989801811655,-1.5661069258891576,-0.19716007552822604,-0.6025119615158758,0.0,2.0316232164746784
1.0613920724480825,-0.7892723355548015,0.8273772438659699,0.02673527282213031,-0.6025119615158758,0.0,-0.417526138004256
-1.3102165876007466,-0.7892723355548015,0.8273772438659699,0.7153043494803103,-0.6025119615158758,0.0,-0.7890040358414437
-1.0924951368421656,-0.7892723355548015,0.8273772438659699,-2.2294672039563297,2.9293180234225806,0.0,0.7640737218017698
0.8903252182806259,-0.7892723355548015,-0.3693648410115938,0.02673527282213031,-0.6025119615158758,0.0,-1.1747270817559212
-0.2216093338078414,-0.7892723355548015,0.8273772438659699,0.02673527282213031,-0.6025119615158758,0.0,-0.7971427246949295
1.2052437452707163,1.266989801811655,-0.3693648410115938,-2.2294672039563297,0.8102200324595066,0.0,-0.466377811794686
-1.5512653366548899,-0.7892723355548015,0.8273772438659699,0.02673527282213031,0.8102200324595066,0.0,-0.417526138004256
0.13218802367485277,1.266989801811655,0.8273772438659699,-2.2294672039563297,-0.6025119615158758,0.0,-0.5744621400560124
0.9019888674284071,1.266989801811655,0.8273772438659699,-0.9437218778079376,-0.6025119615158758,0.0,-0.6939435638126461
1.24412257576332,1.266989801811655,-1.5661069258891576,1.7936713972176714,0.8102200324595066,0.0,2.0316232164746784
-0.32658217613787155,-0.7892723355548015,-0.3693648410115938,-0.031257452799401245,0.8102200324595066,0.0,0.1794803970538311
0.5909582234875771,-0.7892723355548015,0.8273772438659699,1.6277687744888465,-0.6025119615158758,0.0,-1.1747270817559212
1.263561991009622,-0.7892723355548015,0.8273772438659699,-0.4460140096214632,-0.6025119615158758,0.0,-0.710636180746836
-0.4548823167634639,1.266989801811655,0.8273772438659699,0.13464516992942355,0.8102200324595066,0.0,-0.17204647720734526
-0.6570522353250035,-0.7892723355548015,0.8273772438659699,1.295963529031197,-0.6025119615158758,0.0,-0.7961266098800885
0.7425856624087317,-0.7892723355548015,0.8273772438659699,0.21759648129383594,-0.6025119615158758,0.0,-0.7875775669667633
0.9991859436599165,-0.7892723355548015,0.8273772438659699,-0.9437218778079376,-0.6025119615158758,0.0,-0.46861521845428766
1.5901441671474936,-0.7892723355548015,-0.3693648410115938,1.2130122176667846,0.8102200324595066,0.0,0.0954164367952591
1.6562381789849199,1.266989801811655,-1.5661069258891576,1.4618661517600218,0.8102200324595066,0.0,1.3926335529610958
-1.1547012656303315,-0.7892723355548015,-0.3693648410115938,0.5908773824336917,-0.6025119615158758,0.0,0.0954164367952591
-1.0380647741525202,-0.7892723355548015,-0.3693648410115938,0.051693858565011144,-0.6025119615158758,0.0,-0.539655322480331
1.0575041893988222,1.266989801811655,-0.3693648410115938,-0.19716007552822604,-0.6025119615158758,0.0,-0.661784506956406
-1.4151894299307766,1.266989801811655,0.8273772438659699,-0.031257452799401245,-0.6025119615158758,0.0,-0.710636180746836
0.186618386364498,-0.7892723355548015,-1.5661069258891576,2.084000986993115,-0.6025119615158758,0.0,1.2436359479002839
1.4579561434726407,1.266989801811655,-1.5661069258891576,1.8766227085820837,0.8102200324595066,0.0,2.0316232164746784
0.9058767504776675,-0.7892723355548015,0.8273772438659699,1.1300609063023723,0.8102200324595066,0.0,1.1164164190152461
-0.6142855217831393,-0.7892723355548015,0.8273772438659699,-0.6119166323502879,-0.6025119615158758,0.0,-0.7890040358414437
-0.44710655066494315,1.266989801811655,0.8273772438659699,0.02673527282213031,2.222952026434889,0.0,-0.03892566612842342
-1.0847193707436447,1.266989801811655,-1.5661069258891576,0.02673527282213031,-0.6025119615158758,0.0,1.5121149767177293
0.7114825980146487,-0.7892723355548015,0.8273772438659699,-0.2801113868926384,-0.6025119615158758,0.0,-0.7890040358414437
1.1041587859899467,-0.7892723355548015,0.8273772438659699,-0.3630626982570508,0.8102200324595066,0.0,-0.7875775669667633
1.438516728226339,-0.7892723355548015,-1.5661069258891576,0.02673527282213031,-0.6025119615158758,0.0,-1.1747270817559212
-0.4937611472560677,1.266989801811655,-1.5661069258891576,0.13464516992942355,-0.6025119615158758,0.0,2.0316232164746784
-0.41600348627086015,1.266989801811655,0.8273772438659699,1.295963529031197,-0.6025119615158758,0.0,-0.7814711077429595
-0.4859853811575469,-0.7892723355548015,0.8273772438659699,-0.6119166323502879,-0.6025119615158758,0.0,-0.8205524467753036
-1.5279380383593275,1.266989801811655,-1.5661069258891576,1.6277687744888465,0.8102200324595066,0.0,2.0316232164746784
0.6337249370294412,1.266989801811655,-0.3693648410115938,-0.6119166323502879,0.8102200324595066,0.0,0.8564864331111263
-1.014737475856958,1.266989801811655,0.8273772438659699,-2.105040236909711,-0.6025119615158758,0.0,-0.09876896652170025
-0.7386977793594713,1.266989801811655,0.8273772438659699,-0.031257452799401245,-0.6025119615158758,0.0,-0.42994423348178334
1.3801984824874334,-0.7892723355548015,-0.3693648410115938,0.3834991040226607,-0.6025119615158758,0.0,-0.539655322480331
1.6212472315415765,1.266989801811655,-1.5661069258891576,1.5448174631244342,-0.6025119615158758,0.0,0.09195773829089673
-1.5707047519011916,-0.7892723355548015,-0.3693648410115938,-0.19716007552822604,0.8102200324595066,0.0,-0.14884193215689093
0.26437604734970555,1.266989801811655,-1.5661069258891576,2.0425253313109084,0.8102200324595066,0.0,1.7270623413956212
0.3965640710245583,1.266989801811655,-0.3693648410115938,0.02673527282213031,-0.6025119615158758,0.0,-0.4975207538360851
0.3926761879752979,1.266989801811655,-0.3693648410115938,-0.8607705664435251,0.8102200324595066,0.0,0.0954164367952591
-1.1430376164825504,1.266989801811655,-1.5661069258891576,-0.6119166323502879,0.8102200324595066,0.0,2.0316232164746784
-0.4432186676156828,-0.7892723355548015,-1.5661069258891576,1.3374391847134033,-0.6025119615158758,0.0,0.21754562127133412
-1.481283441768203,-0.7892723355548015,-1.5661069258891576,0.02673527282213031,-0.6025119615158758,0.0,0.1794803970538311
1.5084986231130257,-0.7892723355548015,0.8273772438659699,-0.5289653209858756,-0.6025119615158758,0.0,-0.7910362654711258
0.16717897111819613,-0.7892723355548015,0.8273772438659699,0.051693858565011144,-0.6025119615158758,0.0,-0.7814711077429595
0.33435794223639226,-0.7892723355548015,0.8273772438659699,0.02673527282213031,-0.6025119615158758,0.0,-0.8215685615901446
-0.155515321970415,-0.7892723355548015,-0.3693648410115938,0.3834991040226607,0.8102200324595066,0.0,-0.14884193215689093
1.1624770317288522,1.266989801811655,0.8273772438659699,0.13464516992942355,-0.6025119615158758,0.0,-0.7875775669667633
-0.9486434640195316,-0.7892723355548015,0.8273772438659699,0.02673527282213031,2.9293180234225806,0.0,2.0316232164746784
-0.3304700591871319,-0.7892723355548015,0.8273772438659699,0.881206972209135,0.8102200324595066,0.0,0.18823461699707605
-1.5473774536056295,1.266989801811655,0.8273772438659699,0.02673527282213031,-0.6025119615158758,0.0,-0.7961266098800885
-1.4579561434726407,-0.7892723355548015,-0.3693648410115938,0.21759648129383594,-0.6025119615158758,0.0,-0.661784506956406
0.921428282674709,-0.7892723355548015,0.8273772438659699,-0.7778192550791128,-0.6025119615158758,0.0,-0.7240703910392043
-0.26437604734970555,-0.7892723355548015,-1.5661069258891576,-0.19716007552822604,-0.6025119615158758,0.0,2.0316232164746784
-1.2518983418618408,1.266989801811655,-0.3693648410115938,0.25907213697604214,-0.6025119615158758,0.0,-0.539655322480331
-0.9758586453643542,1.266989801811655,-1.5661069258891576,1.2130122176667846,-0.6025119615158758,0.0,0.1794803970538311
-1.2052437452707163,-0.7892723355548015,-0.3693648410115938,-0.5289653209858756,-0.6025119615158758,0.0,-0.4397145682398693
0.6648280014235242,-0.7892723355548015,0.8273772438659699,0.3834991040226607,0.8102200324595066,0.0,-0.471262979173729
0.3810125388275168,1.266989801811655,-0.3693648410115938,0.21759648129383594,0.8102200324595066,0.0,0.0954164367952591
0.0,1.266989801811655,-1.5661069258891576,-2.105040236909711,-0.6025119615158758,0.0,2.0316232164746784
-1.2674498740588824,-0.7892723355548015,0.8273772438659699,-2.2294672039563297,2.9293180234225806,0.0,0.35310901603977735
-0.12441225757633201,-0.7892723355548015,-0.3693648410115938,0.02673527282213031,-0.6025119615158758,0.0,-1.1747270817559212
-0.3965640710245583,-0.7892723355548015,-0.3693648410115938,-0.3630626982570508,-0.6025119615158758,0.0,-0.539655322480331
-1.3840863655366937,-0.7892723355548015,0.8273772438659699,-0.4460140096214632,-0.6025119615158758,0.0,-0.7814711077429595
1.5201622722608068,-0.7892723355548015,0.8273772438659699,-0.6948679437147004,-0.6025119615158758,0.0,-0.7515494575463212
-0.02332729829556225,-0.7892723355548015,-0.3693648410115938,0.13464516992942355,-0.6025119615158758,0.0,-0.661784506956406
-0.49764903030532803,-0.7892723355548015,-0.3693648410115938,2.0425253313109084,-0.6025119615158758,0.0,-0.490803648689901
-1.3996378977337351,1.266989801811655,0.8273772438659699,0.3005477926582483,2.9293180234225806,0.0,-0.4004280521776055
1.119710318186988,-0.7892723355548015,-0.3693648410115938,-0.5289653209858756,-0.6025119615158758,0.0,-0.539655322480331
-1.1663649147781125,-0.7892723355548015,-0.3693648410115938,-0.8607705664435251,0.8102200324595066,0.0,0.6205719300423816
-0.6415007031279619,-0.7892723355548015,0.8273772438659699,2.084000986993115,-0.6025119615158758,0.0,-0.7961266098800885
0.1749547372167169,-0.7892723355548015,0.8273772438659699,0.02673527282213031,0.8102200324595066,0.0,-0.19932036668454228
1.6329108806893577,1.266989801811655,-0.3693648410115938,1.0471095949379599,-0.6025119615158758,0.0,-0.539655322480331
-1.170252797827373,-0.7892723355548015,-0.3693648410115938,-0.9437218778079376,-0.6025119615158758,0.0,-0.612932833165976
-0.8708858030343241,-0.7892723355548015,-0.3693648410115938,-0.19716007552822604,-0.6025119615158758,0.0,-0.539655322480331
-1.2480104588125804,-0.7892723355548015,-1.5661069258891576,2.0425253313109084,-0.6025119615158758,0.0,2.0316232164746784
0.30714276089156967,-0.7892723355548015,0.8273772438659699,0.02673527282213031,-0.6025119615158758,0.0,-0.8215685615901446
-1.3024408215022258,-0.7892723355548015,-1.5661069258891576,1.4618661517600218,-0.6025119615158758,0.0,1.3655599553464393
-1.5007228570145048,-0.7892723355548015,0.8273772438659699,-1.5243810573588243,2.9293180234225806,0.0,1.1164164190152461
-1.263561991009622,-0.7892723355548015,-0.3693648410115938,-0.6948679437147004,2.222952026434889,0.0,2.0316232164746784
-0.7892402589998562,-0.7892723355548015,-0.3693648410115938,-0.031257452799401245,-0.6025119615158758,0.0,-0.661784506956406
1.4229651960292975,-0.7892723355548015,0.8273772438659699,0.7982556608447227,-0.6025119615158758,0.0,0.005040840282963516
1.7106685416745653,-0.7892723355548015,0.8273772438659699,0.7982556608447227,-0.6025119615158758,0.0,0.24807791739035287
0.62206128788166,-0.7892723355548015,0.8273772438659699,0.5494017267514855,0.8102200324595066,0.0,-0.4150835543147344
-0.5365278607979318,1.266989801811655,-1.5661069258891576,-1.02667318917235,0.8102200324595066,0.0,2.0316232164746784
-1.1158224351377277,-0.7892723355548015,0.8273772438659699,0.02673527282213031,-0.6025119615158758,0.0,-0.7515494575463212
0.37712465577825643,-0.7892723355548015,0.8273772438659699,-1.5243810573588243,2.9293180234225806,0.0,0.35310901603977735
-1.2169073944184976,-0.7892723355548015,0.8273772438659699,1.4618661517600218,0.8102200324595066,0.0,-0.466377811794686
-0.6259491709309204,-0.7892723355548015,-1.5661069258891576,0.02673527282213031,-0.6025119615158758,0.0,0.0954164367952591
-1.6329108806893577,1.266989801811655,0.8273772438659699,0.7153043494803103,0.8102200324595066,0.0,0.35860482934120075
-0.5520793929949733,1.266989801811655,-0.3693648410115938,0.02673527282213031,-0.6025119615158758,0.0,-0.5714089104441106
1.718444307773086,1.266989801811655,-1.5661069258891576,-0.8607705664435251,-0.6025119615158758,0.0,0.2908231319569791
0.4315550184679017,1.266989801811655,-1.5661069258891576,1.5448174631244342,0.8102200324595066,0.0,0.7597992003451073
1.294665055403705,-0.7892723355548015,0.8273772438659699,0.02673527282213031,-0.6025119615158758,0.0,-0.7967372558024689
-1.6095835823937954,1.266989801811655,-1.5661069258891576,0.02673527282213031,0.8102200324595066,0.0,2.0316232164746784
-0.7075947149653883,-0.7892723355548015,-1.5661069258891576,0.881206972209135,-0.6025119615158758,0.0,-1.1747270817559212
1.3996378977337351,-0.7892723355548015,0.8273772438659699,0.13464516992942355,-0.6025119615158758,0.0,-0.7949053180353277
-1.636798763738618,-0.7892723355548015,0.8273772438659699,-1.7732349914520615,2.9293180234225806,0.0,-0.14517805662260871
-0.9253161657239694,1.266989801811655,0.8273772438659699,-0.2801113868926384,-0.6025119615158758,0.0,-0.25692626041821726
0.8164554403446789,-0.7892723355548015,-0.3693648410115938,-0.4460140096214632,2.222952026434889,0.0,2.0316232164746784
-1.4968349739652445,-0.7892723355548015,0.8273772438659699,-0.6119166323502879,-0.6025119615158758,0.0,-0.8215685615901446
1.1858043300244145,1.266989801811655,-0.3693648410115938,-2.105040236909711,0.8102200324595066,0.0,-0.051138584576030925
-1.0030738267091768,1.266989801811655,-1.5661069258891576,1.295963529031197,-0.6025119615158758,0.0,0.12228485737999564
-0.2527123982019244,1.266989801811655,-1.5661069258891576,1.0471095949379599,-0.6025119615158758,0.0,2.0316232164746784
0.7270341302116902,1.266989801811655,-1.5661069258891576,0.21759648129383594,-0.6025119615158758,0.0,0.3152489688521941
-0.8669979199850637,-0.7892723355548015,0.8273772438659699,1.7936713972176714,-0.6025119615158758,0.0,-0.7814711077429595
-1.2985529384529655,-0.7892723355548015,0.8273772438659699,-1.234051467583381,0.8102200324595066,0.0,-0.46861521845428766
0.6453885861772223,-0.7892723355548015,0.8273772438659699,0.02673527282213031,-0.6025119615158758,0.0,-0.8303227815333896
0.6803795336205657,-0.7892723355548015,0.8273772438659699,-0.19716007552822604,0.8102200324595066,0.0,-0.46861521845428766
1.0341768911032598,-0.7892723355548015,-1.5661069258891576,0.02673527282213031,-0.6025119615158758,0.0,0.12228485737999564
1.3296560028470483,-0.7892723355548015,0.8273772438659699,-1.7732349914520615,2.9293180234225806,0.0,0.24807791739035287
-0.8864373352313656,-0.7892723355548015,-0.3693648410115938,1.0471095949379599,0.8102200324595066,0.0,0.1442681105856891
-0.4898732642068073,1.266989801811655,-1.5661069258891576,0.881206972209135,0.8102200324595066,0.0,2.0316232164746784
-0.8242312064431996,1.266989801811655,0.8273772438659699,-2.0220889255452987,2.9293180234225806,0.0,0.35860482934120075
0.6259491709309204,-0.7892723355548015,0.8273772438659699,0.051693858565011144,-0.6025119615158758,0.0,-0.7890040358414437
-0.6648280014235242,1.266989801811655,0.8273772438659699,0.02673527282213031,-0.6025119615158758,0.0,-0.7961266098800885
-1.065279955497343,-0.7892723355548015,0.8273772438659699,-2.105040236909711,2.9293180234225806,0.0,0.24807791739035287
1.5007228570145048,1.266989801811655,-0.3693648410115938,-2.2294672039563297,0.8102200324595066,0.0,-0.25875819818535845
-0.07386977793594714,1.266989801811655,-0.3693648410115938,-0.11420876416381363,0.8102200324595066,0.0,0.0954164367952591
-0.26048816430044514,-0.7892723355548015,0.8273772438659699,-0.7778192550791128,-0.6025119615158758,0.0,-0.9787097406718207
-1.6290229976400974,-0.7892723355548015,0.8273772438659699,0.02673527282213031,-0.6025119615158758,0.0,-0.8217737386200644
1.3529833011426107,-0.7892723355548015,-1.5661069258891576,0.02673527282213031,-0.6025119615158758,0.0,0.32481412658036024
-1.096383019891426,-0.7892723355548015,0.8273772438659699,-1.02667318917235,-0.6025119615158758,0.0,-0.7515494575463212
0.5404157438471922,-0.7892723355548015,0.8273772438659699,0.02673527282213031,-0.6025119615158758,0.0,-0.7491068738567996
-0.8320069725417203,-0.7892723355548015,0.8273772438659699,-0.031257452799401245,-0.6025119615158758,0.0,-0.7949053180353277
0.5637430421427544,-0.7892723355548015,0.8273772438659699,0.4664504153870731,-0.6025119615158758,0.0,-0.8266589059991073
1.4307409621278182,-0.7892723355548015,0.8273772438659699,-1.9391376141808863,2.9293180234225806,0.0,0.35310901603977735
-1.5590411027534106,1.266989801811655,0.8273772438659699,-0.8607705664435251,-0.6025119615158758,0.0,-0.789814973626365
0.6920431827683469,-0.7892723355548015,0.8273772438659699,-0.6948679437147004,-0.6025119615158758,0.0,-0.7910362654711258
1.6756775942312219,-0.7892723355548015,0.8273772438659699,-0.7778192550791128,-0.6025119615158758,0.0,-0.6937432719501053
0.3499094744334338,1.266989801811655,-0.3693648410115938,-1.8561863028164738,-0.6025119615158758,0.0,0.1076293552428666
-0.1749547372167169,1.266989801811655,0.8273772438659699,0.7982556608447227,-0.6025119615158758,0.0,-0.7875775669667633
-1.4462924943248596,-0.7892723355548015,0.8273772438659699,-0.2801113868926384,0.8102200324595066,0.0,-0.46861521845428766
-0.32269429308861114,-0.7892723355548015,0.8273772438659699,1.295963529031197,-0.6025119615158758,0.0,-0.46861521845428766
0.4004519540738187,-0.7892723355548015,0.8273772438659699,0.3005477926582483,0.8102200324595066,0.0,-0.17204647720734526
-0.40822772017233944,1.266989801811655,-0.3693648410115938,-2.2294672039563297,0.8102200324595066,0.0,0.0954164367952591
1.5707047519011916,1.266989801811655,-1.5661069258891576,0.02673527282213031,0.8102200324595066,0.0,2.0316232164746784
0.6687158844727845,-0.7892723355548015,0.8273772438659699,-0.2801113868926384,0.8102200324595066,0.0,-0.3882151337299979
1.5279380383593275,1.266989801811655,0.8273772438659699,0.21759648129383594,-0.6025119615158758,0.0,1.5851873103734548
-0.684267416669826,1.266989801811655,-1.5661069258891576,0.4664504153870731,-0.6025119615158758,0.0,2.0316232164746784
-0.08553342708372826,-0.7892723355548015,0.8273772438659699,-0.11420876416381363,0.8102200324595066,0.0,-0.471262979173729
-1.6795654772804822,-0.7892723355548015,0.8273772438659699,0.7982556608447227,0.8102200324595066,0.0,0.35310901603977735
-0.3499094744334338,-0.7892723355548015,0.8273772438659699,-0.11420876416381363,-0.6025119615158758,0.0,-0.710636180746836
-0.6687158844727845,-0.7892723355548015,-1.5661069258891576,0.6323530381158979,-0.6025119615158758,0.0,0.2761676298198501
-0.0777576609852075,-0.7892723355548015,0.8273772438659699,0.02673527282213031,-0.6025119615158758,0.0,-0.8205524467753036
1.574592634950452,-0.7892723355548015,0.8273772438659699,-2.105040236909711,2.9293180234225806,0.0,0.35310901603977735
-1.3529833011426107,1.266989801811655,-1.5661069258891576,-0.5289653209858756,-0.6025119615158758,0.0,1.9204319217602805
0.0777576609852075,-0.7892723355548015,0.8273772438659699,0.7153043494803103,-0.6025119615158758,0.0,-0.8303227815333896
1.3179923536992673,-0.7892723355548015,0.8273772438659699,-0.3630626982570508,-0.6025119615158758,0.0,-0.8303227815333896
-1.4735076756696823,1.266989801811655,-0.3693648410115938,-0.031257452799401245,-0.6025119615158758,0.0,-0.661784506956406
-1.7067806586253047,-0.7892723355548015,-1.5661069258891576,2.0425253313109084,-0.6025119615158758,0.0,1.358842850200255
-0.7698008437535543,1.266989801811655,-0.3693648410115938,-0.4460140096214632,-0.6025119615158758,0.0,-0.466377811794686
-0.5132005625023696,-0.7892723355548015,0.8273772438659699,-0.11420876416381363,-0.6025119615158758,0.0,-0.7890040358414437
0.342133708334913,1.266989801811655,0.8273772438659699,0.02673527282213031,-0.6025119615158758,0.0,-0.08248670364734986
-1.6756775942312219,-0.7892723355548015,0.8273772438659699,-1.2755271232655871,-0.6025119615158758,0.0,-0.7910362654711258
-0.672603767522045,1.266989801811655,-0.3693648410115938,0.9641582835735475,-0.6025119615158758,0.0,-0.22211944284253596
0.3615731235812149,-0.7892723355548015,0.8273772438659699,0.02673527282213031,-0.6025119615158758,0.0,-0.466377811794686
0.31491852699009043,1.266989801811655,-0.3693648410115938,1.710720085853259,-0.6025119615158758,0.0,-0.661784506956406
0.47820961505902615,-0.7892723355548015,0.8273772438659699,0.02673527282213031,-0.6025119615158758,0.0,-0.8215685615901446
-0.1438516728226339,-0.7892723355548015,0.8273772438659699,-0.6948679437147004,-0.6025119615158758,0.0,-0.7949053180353277
0.36546100663047526,1.266989801811655,-1.5661069258891576,-0.6119166323502879,-0.6025119615158758,0.0,1.2434307708703642
0.2682639303989659,-0.7892723355548015,0.8273772438659699,-0.4460140096214632,-0.6025119615158758,0.0,-0.8085447053576159
-1.512386506162286,1.266989801811655,-0.3693648410115938,-0.6948679437147004,-0.6025119615158758,0.0,-0.661784506956406
0.7231462471624298,-0.7892723355548015,0.8273772438659699,1.7936713972176714,-0.6025119615158758,0.0,-0.8301176045034698
0.6026218726353582,1.266989801811655,-0.3693648410115938,-0.4460140096214632,2.222952026434889,0.0,0.1442681105856891
-0.9875222945121354,-0.7892723355548015,-0.3693648410115938,-0.8607705664435251,-0.6025119615158758,0.0,-0.539655322480331
-1.294665055403705,-0.7892723355548015,0.8273772438659699,-0.6119166323502879,-0.6025119615158758,0.0,-0.7814711077429595
-1.0691678385466032,-0.7892723355548015,-1.5661069258891576,2.084000986993115,-0.6025119615158758,0.0,0.4618039902234842
0.07386977793594714,-0.7892723355548015,0.8273772438659699,0.02673527282213031,-0.6025119615158758,0.0,-0.7814711077429595
0.9408676979210109,-0.7892723355548015,0.8273772438659699,-0.8607705664435251,-0.6025119615158758,0.0,-0.6778664779682156
-1.3607590672411314,-0.7892723355548015,0.8273772438659699,0.02673527282213031,-0.6025119615158758,0.0,-0.7814711077429595
-0.6065097556846185,1.266989801811655,0.8273772438659699,-0.6119166323502879,-0.6025119615158758,0.0,-0.7961266098800885
0.24493663210340366,-0.7892723355548015,0.8273772438659699,-0.11420876416381363,-0.6025119615158758,0.0,-0.07434312962648525
1.2791135232066635,1.266989801811655,-0.3693648410115938,2.0425253313109084,0.8102200324595066,0.0,-0.051138584576030925
1.2285710435662787,-0.7892723355548015,0.8273772438659699,0.9641582835735475,-0.6025119615158758,0.0,-0.8266589059991073
-1.5084986231130257,-0.7892723355548015,0.8273772438659699,-0.07273310848160744,-0.6025119615158758,0.0,-0.8215685615901446
-0.09719707623150939,-0.7892723355548015,0.8273772438659699,0.02673527282213031,-0.6025119615158758,0.0,-0.7890040358414437
1.617359348492316,-0.7892723355548015,-0.3693648410115938,-0.6948679437147004,0.8102200324595066,0.0,-0.612932833165976
0.8747736860835844,1.266989801811655,-0.3693648410115938,0.881206972209135,0.8102200324595066,0.0,0.7304881960708492
-0.6998189488668676,-0.7892723355548015,-0.3693648410115938,0.5494017267514855,-0.6025119615158758,0.0,-0.661784506956406
-1.5240501553100672,1.266989801811655,-0.3693648410115938,-0.031257452799401245,0.8102200324595066,0.0,0.0954164367952591
1.4968349739652445,1.266989801811655,0.8273772438659699,-1.1925758119011747,0.8102200324595066,0.0,-0.46861521845428766
0.31103064394083,-0.7892723355548015,0.8273772438659699,0.9226826278913413,-0.6025119615158758,0.0,-0.7961266098800885
0.2527123982019244,1.266989801811655,0.8273772438659699,-0.031257452799401245,-0.6025119615158758,0.0,-0.7961266098800885
0.2371608660048829,1.266989801811655,-0.3693648410115938,0.3005477926582483,-0.6025119615158758,0.0,0.0954164367952591
-0.28381546259600743,-0.7892723355548015,0.8273772438659699,-0.8607705664435251,-0.6025119615158758,0.0,-0.7814711077429595
1.4268530790785579,-0.7892723355548015,-0.3693648410115938,0.4664504153870731,-0.6025119615158758,0.0,-0.661784506956406
-0.5209763286008903,1.266989801811655,-1.5661069258891576,-0.9437218778079376,2.222952026434889,0.0,2.0316232164746784
-1.5396016875071086,-0.7892723355548015,0.8273772438659699,-0.9437218778079376,0.8102200324595066,0.0,-0.30516728828626694
0.610397638733879,-0.7892723355548015,-1.5661069258891576,0.02673527282213031,-0.6025119615158758,0.0,0.8965838869583111
0.7153704810639091,-0.7892723355548015,0.8273772438659699,0.02673527282213031,-0.6025119615158758,0.0,-0.7969424328323887
0.559855159093494,-0.7892723355548015,0.8273772438659699,0.02673527282213031,-0.6025119615158758,0.0,-0.7814711077429595
-1.3335438858963087,-0.7892723355548015,-1.5661069258891576,-0.6948679437147004,-0.6025119615158758,0.0,2.0316232164746784
0.808679674246158,1.266989801811655,0.8273772438659699,0.02673527282213031,-0.6025119615158758,0.0,-0.7922575573158865
0.5287520946994111,1.266989801811655,-1.5661069258891576,0.7982556608447227,0.8102200324595066,0.0,2.0316232164746784
0.7581371946057732,-0.7892723355548015,0.8273772438659699,-0.7778192550791128,-0.6025119615158758,0.0,-0.7910362654711258
0.16329108806893577,-0.7892723355548015,-1.5661069258891576,2.084000986993115,-0.6025119615158758,0.0,0.2761676298198501
0.5987339895860978,1.266989801811655,-1.5661069258891576,1.6277687744888465,0.8102200324595066,0.0,1.6063596257942268
0.011663649147781126,1.266989801811655,0.8273772438659699,-2.0220889255452987,2.222952026434889,0.0,-0.23392689239768297
0.43933078456642244,1.266989801811655,-1.5661069258891576,0.7982556608447227,0.8102200324595066,0.0,2.0316232164746784
0.21383356770932066,-0.7892723355548015,0.8273772438659699,-1.02667318917235,-0.6025119615158758,0.0,-0.7515494575463212
-1.5201622722608068,-0.7892723355548015,-1.5661069258891576,2.084000986993115,-0.6025119615158758,0.0,1.8530605784358982
-0.4315550184679017,1.266989801811655,-1.5661069258891576,0.02673527282213031,0.8102200324595066,0.0,2.0316232164746784
-0.5404157438471922,1.266989801811655,-1.5661069258891576,0.02673527282213031,-0.6025119615158758,0.0,2.0316232164746784
-1.5862562840982333,-0.7892723355548015,0.8273772438659699,-0.6948679437147004,-0.6025119615158758,0.0,-0.7814711077429595
1.6406866467878785,-0.7892723355548015,-1.5661069258891576,0.13464516992942355,-0.6025119615158758,0.0,1.2920772676308747
0.5209763286008903,1.266989801811655,0.8273772438659699,0.21759648129383594,-0.6025119615158758,0.0,-0.7875775669667633
1.3607590672411314,-0.7892723355548015,-0.3693648410115938,0.7982556608447227,-0.6025119615158758,0.0,-0.539655322480331
-1.6834533603297426,-0.7892723355548015,0.8273772438659699,-0.7778192550791128,-0.6025119615158758,0.0,-0.7814711077429595
-1.6484624128863992,1.266989801811655,-0.3693648410115938,0.3834991040226607,-0.6025119615158758,0.0,-0.539655322480331
0.8436706216895015,-0.7892723355548015,-1.5661069258891576,1.4618661517600218,-0.6025119615158758,0.0,0.07526512135670665
0.26048816430044514,1.266989801811655,-1.5661069258891576,0.5494017267514855,-0.6025119615158758,0.0,0.1094612930100078
0.6959310658176072,-0.7892723355548015,0.8273772438659699,-0.6948679437147004,-0.6025119615158758,0.0,-0.3882151337299979
0.03499094744334338,-0.7892723355548015,0.8273772438659699,0.02673527282213031,-0.6025119615158758,0.0,-0.7814711077429595
-0.4276671354186413,-0.7892723355548015,0.8273772438659699,0.02673527282213031,-0.6025119615158758,0.0,-0.7890040358414437
0.34602159138417343,-0.7892723355548015,0.8273772438659699,0.051693858565011144,-0.6025119615158758,0.0,-0.7515494575463212
-1.4346288451770786,-0.7892723355548015,0.8273772438659699,0.02673527282213031,-0.6025119615158758,0.0,-0.7890040358414437
0.2993669947930489,-0.7892723355548015,0.8273772438659699,0.02673527282213031,-0.6025119615158758,0.0,-0.8217737386200644
-1.3296560028470483,-0.7892723355548015,0.8273772438659699,0.3005477926582483,-0.6025119615158758,0.0,-0.7519549264387818
-0.5287520946994111,1.266989801811655,-1.5661069258891576,0.051693858565011144,-0.6025119615158758,0.0,1.6063596257942268
-1.0186253589062184,1.266989801811655,-0.3693648410115938,-2.2294672039563297,2.222952026434889,0.0,0.7304881960708492
-0.1594032050196754,-0.7892723355548015,0.8273772438659699,-0.7778192550791128,-0.6025119615158758,0.0,-0.7515494575463212
-0.11274860842855089,1.266989801811655,-0.3693648410115938,0.3834991040226607,0.8102200324595066,0.0,0.41295231643305413
-0.4121156032215998,-0.7892723355548015,-1.5661069258891576,1.295963529031197,-0.6025119615158758,0.0,0.5595073378043441
-0.4587701998127243,1.266989801811655,-0.3693648410115938,0.5494017267514855,-0.6025119615158758,0.0,-0.539655322480331
0.32269429308861114,-0.7892723355548015,0.8273772438659699,0.7982556608447227,-0.6025119615158758,0.0,-0.7875775669667633
0.6881552997190864,1.266989801811655,0.8273772438659699,-0.7778192550791128,0.8102200324595066,0.0,-0.4057186884491091
1.5473774536056295,-0.7892723355548015,0.8273772438659699,0.4249747597048669,-0.6025119615158758,0.0,-0.860244431730028
-0.952531347068792,-0.7892723355548015,0.8273772438659699,-0.11420876416381363,-0.6025119615158758,0.0,-0.710636180746836
-0.559855159093494,1.266989801811655,0.8273772438659699,0.02673527282213031,2.222952026434889,0.0,-0.03892566612842342
-0.548191509945713,-0.7892723355548015,0.8273772438659699,0.02673527282213031,-0.6025119615158758,0.0,-0.7814711077429595
-0.10108495928076976,-0.7892723355548015,0.8273772438659699,-1.6073323687232366,-0.6025119615158758,0.0,0.005040840282963516
1.5823684010489727,-0.7892723355548015,0.8273772438659699,-1.690283680087649,0.8102200324595066,0.0,-0.42994423348178334
-1.337431768945569,-0.7892723355548015,0.8273772438659699,0.02673527282213031,-0.6025119615158758,0.0,-0.7890040358414437
-0.8475585047387618,-0.7892723355548015,0.8273772438659699,-0.7363435993969065,-0.6025119615158758,0.0,-0.8205524467753036
0.8708858030343241,1.266989801811655,-1.5661069258891576,0.02673527282213031,0.8102200324595066,0.0,1.3655599553464393
-0.46654596591124503,1.266989801811655,-1.5661069258891576,0.5494017267514855,-0.6025119615158758,0.0,2.0316232164746784
1.5240501553100672,-0.7892723355548015,0.8273772438659699,0.02673527282213031,-0.6025119615158758,0.0,-0.7814711077429595
0.7892402589998562,-0.7892723355548015,0.8273772438659699,0.02673527282213031,-0.6025119615158758,0.0,-0.8058969446381745
1.088607253792905,-0.7892723355548015,0.8273772438659699,-0.7778192550791128,-0.6025119615158758,0.0,-0.7515494575463212
1.699004892526784,-0.7892723355548015,0.8273772438659699,-0.6119166323502879,-0.6025119615158758,0.0,-0.6609686840041058
1.4113015468815162,-0.7892723355548015,-0.3693648410115938,0.7982556608447227,-0.6025119615158758,0.0,-0.539655322480331
0.22549721685710178,-0.7892723355548015,0.8273772438659699,0.6323530381158979,-0.6025119615158758,0.0,-0.7063616592901734
1.201355862221456,1.266989801811655,-0.3693648410115938,1.5448174631244342,0.8102200324595066,0.0,2.0006317146220294
0.8281190894924599,-0.7892723355548015,-0.3693648410115938,-0.5289653209858756,-0.6025119615158758,0.0,-0.539655322480331
1.096383019891426,1.266989801811655,0.8273772438659699,0.02673527282213031,-0.6025119615158758,0.0,-0.7967372558024689
0.8825494521821052,-0.7892723355548015,-0.3693648410115938,2.084000986993115,-0.6025119615158758,0.0,-0.661784506956406
0.8242312064431996,-0.7892723355548015,0.8273772438659699,0.21759648129383594,0.8102200324595066,0.0,-0.417526138004256
1.170252797827373,-0.7892723355548015,0.8273772438659699,-1.1096245005367624,0.8102200324595066,0.0,-0.18548068749971344
-1.45018037737412,-0.7892723355548015,-0.3693648410115938,-0.6948679437147004,-0.6025119615158758,0.0,2.0316232164746784
0.09719707623150939,-0.7892723355548015,0.8273772438659699,0.02673527282213031,-0.6025119615158758,0.0,-0.8205524467753036
-1.1508133825810711,-0.7892723355548015,-0.3693648410115938,1.0471095949379599,-0.6025119615158758,0.0,-0.539655322480331
0.20994568466006028,-0.7892723355548015,0.8273772438659699,-0.4460140096214632,-0.6025119615158758,0.0,-0.7938892032204868
-1.1819164469751542,1.266989801811655,0.8273772438659699,-0.6119166323502879,-0.6025119615158758,0.0,-0.7961266098800885
0.8397827386402411,-0.7892723355548015,0.8273772438659699,0.881206972209135,-0.6025119615158758,0.0,-0.8217737386200644
-0.5443036268964525,1.266989801811655,-1.5661069258891576,-2.2294672039563297,0.8102200324595066,0.0,2.0316232164746784
-0.62206128788166,-0.7892723355548015,0.8273772438659699,0.3005477926582483,-0.6025119615158758,0.0,-0.7515494575463212
0.8942131013298863,-0.7892723355548015,0.8273772438659699,-0.9437218778079376,-0.6025119615158758,0.0,-0.7949053180353277
-1.0730557215958636,-0.7892723355548015,0.8273772438659699,-0.11420876416381363,-0.6025119615158758,0.0,1.5851873103734548
0.5792945743397959,-0.7892723355548015,-0.3693648410115938,0.6323530381158979,0.8102200324595066,0.0,0.0954164367952591
1.2907771723544446,1.266989801811655,0.8273772438659699,-2.0220889255452987,-0.6025119615158758,0.0,-0.5653024512203068
1.3024408215022258,1.266989801811655,0.8273772438659699,-1.3584784346299994,-0.6025119615158758,0.0,-0.8215685615901446
0.4121156032215998,-0.7892723355548015,-0.3693648410115938,-0.19716007552822604,-0.6025119615158758,0.0,0.0954164367952591
-0.342133708334913,-0.7892723355548015,-0.3693648410115938,0.7153043494803103,-0.6025119615158758,0.0,-0.539655322480331
1.5551532197041502,-0.7892723355548015,0.8273772438659699,1.0471095949379599,-0.6025119615158758,0.0,-0.8058969446381745
-0.37712465577825643,1.266989801811655,0.8273772438659699,-2.1879915482741232,0.8102200324595066,0.0,-0.39798546848808397
-0.17884262026597728,1.266989801811655,-0.3693648410115938,-0.11420876416381363,-0.6025119615158758,0.0,-0.5567534083069815
-0.5676309251920149,1.266989801811655,-1.5661069258891576,1.710720085853259,-0.6025119615158758,0.0,2.0316232164746784
1.6018078162952747,1.266989801811655,-1.5661069258891576,1.7936713972176714,-0.6025119615158758,0.0,0.12228485737999564
1.6095835823937954,-0.7892723355548015,0.8273772438659699,0.02673527282213031,-0.6025119615158758,0.0,-0.8215685615901446
-0.6026218726353582,1.266989801811655,-1.5661069258891576,-0.2801113868926384,-0.6025119615158758,0.0,2.0316232164746784
0.797016025098377,-0.7892723355548015,0.8273772438659699,0.02673527282213031,-0.6025119615158758,0.0,-0.7890040358414437
1.0302890080539995,1.266989801811655,-1.5661069258891576,-0.4460140096214632,-0.6025119615158758,0.0,1.2436359479002839
0.684267416669826,1.266989801811655,-1.5661069258891576,1.0471095949379599,0.8102200324595066,0.0,1.3926335529610958
1.0186253589062184,1.266989801811655,-1.5661069258891576,1.0471095949379599,-0.6025119615158758,0.0,0.1094612930100078
-0.2371608660048829,-0.7892723355548015,0.8273772438659699,0.02673527282213031,-0.6025119615158758,0.0,-0.7890040358414437
0.019439415246301876,-0.7892723355548015,-0.3693648410115938,0.5494017267514855,0.8102200324595066,0.0,0.18090686592851163
-1.201355862221456,1.266989801811655,-1.5661069258891576,-0.8607705664435251,-0.6025119615158758,0.0,0.10925611598008794
1.6251351145908368,-0.7892723355548015,0.8273772438659699,0.02673527282213031,2.9293180234225806,0.0,2.0316232164746784
0.04276671354186413,-0.7892723355548015,-1.5661069258891576,2.084000986993115,-0.6025119615158758,0.0,0.12228485737999564
-1.6445745298371388,1.266989801811655,0.8273772438659699,-1.1925758119011747,-0.6025119615158758,0.0,-0.7824872225578006
-1.6562381789849199,1.266989801811655,0.8273772438659699,0.02673527282213031,-0.6025119615158758,0.0,-0.8217737386200644
1.337431768945569,-0.7892723355548015,-1.5661069258891576,1.3789148403956093,-0.6025119615158758,0.0,2.0316232164746784
-1.4074136638322559,-0.7892723355548015,-1.5661069258891576,-0.11420876416381363,-0.6025119615158758,0.0,1.1261867537733323
-0.7231462471624298,1.266989801811655,-0.3693648410115938,1.710720085853259,-0.6025119615158758,0.0,0.0954164367952591
-0.5987339895860978,1.266989801811655,-1.5661069258891576,-0.8607705664435251,0.8102200324595066,0.0,2.0316232164746784
-1.3063287045514862,1.266989801811655,0.8273772438659699,0.02673527282213031,0.8102200324595066,0.0,0.005040840282963516
-0.29159122869452814,1.266989801811655,-1.5661069258891576,-0.3630626982570508,0.8102200324595066,0.0,1.533692761030962
1.492947090915984,1.266989801811655,-1.5661069258891576,2.084000986993115,-0.6025119615158758,0.0,2.0316232164746784
1.0847193707436447,1.266989801811655,-1.5661069258891576,-0.19716007552822604,0.8102200324595066,0.0,1.4192967965159125
0.1594032050196754,1.266989801811655,-1.5661069258891576,0.4664504153870731,0.8102200324595066,0.0,2.0316232164746784
0.2021699185615395,-0.7892723355548015,0.8273772438659699,0.02673527282213031,-0.6025119615158758,0.0,-0.437066807520428
0.9875222945121354,-0.7892723355548015,0.8273772438659699,1.0471095949379599,-0.6025119615158758,0.0,-0.8010117772591314
-1.5668168688519313,-0.7892723355548015,0.8273772438659699,0.02673527282213031,-0.6025119615158758,0.0,-0.7890040358414437
0.0466545965911245,1.266989801811655,-1.5661069258891576,0.02673527282213031,0.8102200324595066,0.0,1.358842850200255
-0.9136525165761882,-0.7892723355548015,0.8273772438659699,-0.4460140096214632,-0.6025119615158758,0.0,-0.8303227815333896
-1.2363468096647994,1.266989801811655,0.8273772438659699,-0.4460140096214632,-0.6025119615158758,0.0,-0.8258430830468071
0.672603767522045,1.266989801811655,-0.3693648410115938,-2.105040236909711,2.222952026434889,0.0,0.7304881960708492
-0.0077757660985207505,1.266989801811655,-0.3693648410115938,-0.11420876416381363,-0.6025119615158758,0.0,-0.539655322480331
-0.23327298295562252,-0.7892723355548015,-0.3693648410115938,-0.9437218778079376,-0.6025119615158758,0.0,2.0316232164746784
-1.699004892526784,1.266989801811655,0.8273772438659699,-0.19716007552822604,-0.6025119615158758,0.0,-0.6308467419449267
1.2480104588125804,-0.7892723355548015,-1.5661069258891576,0.02673527282213031,-0.6025119615158758,0.0,0.7597992003451073
0.9253161657239694,-0.7892723355548015,0.8273772438659699,-1.2755271232655871,2.9293180234225806,0.0,1.1164164190152461
1.667901828132701,1.266989801811655,-0.3693648410115938,-0.11420876416381363,0.8102200324595066,0.0,-0.002286910785600916
-0.8553342708372826,-0.7892723355548015,0.8273772438659699,-0.6119166323502879,-0.6025119615158758,0.0,-0.7179639318154005
-0.7659129607042939,1.266989801811655,-1.5661069258891576,0.6323530381158979,0.8102200324595066,0.0,1.3926335529610958
0.5715188082412752,-0.7892723355548015,0.8273772438659699,1.4618661517600218,-0.6025119615158758,0.0,-0.8205524467753036
1.2246831605170183,-0.7892723355548015,0.8273772438659699,0.02673527282213031,-0.6025119615158758,0.0,-0.466377811794686
-0.4004519540738187,-0.7892723355548015,-0.3693648410115938,-0.11420876416381363,-0.6025119615158758,0.0,-0.539655322480331
0.5831824573890563,-0.7892723355548015,0.8273772438659699,0.5494017267514855,0.8102200324595066,0.0,0.005040840282963516
1.232458926615539,1.266989801811655,0.8273772438659699,-0.7778192550791128,-0.6025119615158758,0.0,-0.8215685615901446
-1.6717897111819615,1.266989801811655,-0.3693648410115938,2.084000986993115,-0.6025119615158758,0.0,-0.393100301109041
-0.8397827386402411,-0.7892723355548015,0.8273772438659699,0.02673527282213031,2.9293180234225806,0.0,0.06936383916282275
-0.7853523759505958,-0.7892723355548015,0.8273772438659699,-0.6119166323502879,-0.6025119615158758,0.0,-0.8266589059991073
1.2713377571081428,-0.7892723355548015,-0.3693648410115938,2.084000986993115,-0.6025119615158758,0.0,-0.661784506956406
0.12441225757633201,-0.7892723355548015,0.8273772438659699,-0.031257452799401245,0.8102200324595066,0.0,-0.8305279585633094
-1.461844026521901,-0.7892723355548015,0.8273772438659699,-0.2801113868926384,2.222952026434889,0.0,-0.7515494575463212
0.4587701998127243,-0.7892723355548015,0.8273772438659699,0.02673527282213031,-0.6025119615158758,0.0,-0.7814711077429595
0.5132005625023696,1.266989801811655,-1.5661069258891576,0.7982556608447227,0.8102200324595066,0.0,1.5560814831291163
0.2877033456452678,-0.7892723355548015,0.8273772438659699,0.21759648129383594,-0.6025119615158758,0.0,-0.7890040358414437
-1.4229651960292975,1.266989801811655,0.8273772438659699,0.051693858565011144,-0.6025119615158758,0.0,-0.5653024512203068
-1.492947090915984,1.266989801811655,-1.5661069258891576,0.7153043494803103,-0.6025119615158758,0.0,2.0316232164746784
1.13914973343329,-0.7892723355548015,0.8273772438659699,0.02673527282213031,-0.6025119615158758,0.0,-0.7890040358414437
1.325768119797788,1.266989801811655,0.8273772438659699,-0.9437218778079376,-0.6025119615158758,0.0,-0.8085447053576159
0.6609401183742638,1.266989801811655,-0.3693648410115938,-0.4460140096214632,0.8102200324595066,0.0,2.0006317146220294
-1.6912291264282633,1.266989801811655,0.8273772438659699,-2.105040236909711,0.8102200324595066,0.0,-0.35890412945574
-0.2682639303989659,1.266989801811655,0.8273772438659699,-0.6119166323502879,-0.6025119615158758,0.0,-0.8205524467753036
-1.6212472315415765,1.266989801811655,0.8273772438659699,0.02673527282213031,-0.6025119615158758,0.0,-0.789814973626365
-0.18273050331523763,-0.7892723355548015,-0.3693648410115938,-0.5289653209858756,-0.6025119615158758,0.0,-0.661784506956406
0.9447555809702712,-0.7892723355548015,0.8273772438659699,-0.9437218778079376,-0.6025119615158758,0.0,-0.7938892032204868
-0.6803795336205657,-0.7892723355548015,-1.5661069258891576,0.02673527282213031,-0.6025119615158758,0.0,0.33967480574740916
1.6951170094775236,-0.7892723355548015,0.8273772438659699,0.3005477926582483,-0.6025119615158758,0.0,-0.7890040358414437
-0.808679674246158,1.266989801811655,-0.3693648410115938,-1.7732349914520615,-0.6025119615158758,0.0,0.1076293552428666
-1.730107956920867,-0.7892723355548015,0.8273772438659699,-0.6119166323502879,0.8102200324595066,0.0,-0.8205524467753036
0.4937611472560677,1.266989801811655,-1.5661069258891576,0.5494017267514855,-0.6025119615158758,0.0,0.11434646038905069
0.859222153886543,-0.7892723355548015,-0.3693648410115938,-0.3630626982570508,-0.6025119615158758,0.0,-0.539655322480331
-0.6298370539801809,1.266989801811655,0.8273772438659699,-0.8607705664435251,-0.6025119615158758,0.0,-0.7814711077429595
1.7223321908223463,-0.7892723355548015,0.8273772438659699,0.02673527282213031,0.8102200324595066,0.0,-0.029155331370337455
-0.21383356770932066,1.266989801811655,-1.5661069258891576,0.5494017267514855,0.8102200324595066,0.0,2.0316232164746784
0.32658217613787155,-0.7892723355548015,-0.3693648410115938,-0.5289653209858756,2.222952026434889,0.0,-0.612932833165976
0.4743217320097658,-0.7892723355548015,0.8273772438659699,-0.031257452799401245,-0.6025119615158758,0.0,-0.14517805662260871
-1.0613920724480825,1.266989801811655,0.8273772438659699,-2.2294672039563297,0.8102200324595066,0.0,-0.6308467419449267
1.562928985802671,-0.7892723355548015,0.8273772438659699,0.4664504153870731,-0.6025119615158758,0.0,-0.7890040358414437
-1.2752256401574031,-0.7892723355548015,-0.3693648410115938,-0.031257452799401245,0.8102200324595066,0.0,-0.14884193215689093
-0.8125675572954184,-0.7892723355548015,-0.3693648410115938,1.2130122176667846,0.8102200324595066,0.0,0.0954164367952591
1.1508133825810711,-0.7892723355548015,-1.5661069258891576,0.5494017267514855,0.8102200324595066,0.0,2.0316232164746784
0.6065097556846185,-0.7892723355548015,0.8273772438659699,0.02673527282213031,-0.6025119615158758,0.0,-0.7890040358414437
1.4773955587189427,-0.7892723355548015,0.8273772438659699,0.02673527282213031,-0.6025119615158758,0.0,-0.8352079489124326
-0.20994568466006028,1.266989801811655,0.8273772438659699,-0.6948679437147004,-0.6025119615158758,0.0,-0.7938892032204868
-0.6337249370294412,-0.7892723355548015,0.8273772438659699,-1.1096245005367624,-0.6025119615158758,0.0,-0.710636180746836
1.0691678385466032,1.266989801811655,-0.3693648410115938,-1.9391376141808863,-0.6025119615158758,0.0,0.4373781533282692
-0.062206128788166004,1.266989801811655,0.8273772438659699,0.21759648129383594,-0.6025119615158758,0.0,-0.7814711077429595
1.4657319095711616,-0.7892723355548015,-1.5661069258891576,0.7153043494803103,-0.6025119615158758,0.0,-1.1747270817559212
-0.5170884455516299,-0.7892723355548015,-0.3693648410115938,-0.2801113868926384,0.8102200324595066,0.0,0.0954164367952591
0.19828203551227916,1.266989801811655,-1.5661069258891576,2.0425253313109084,0.8102200324595066,0.0,2.0316232164746784
-1.0108495928076977,-0.7892723355548015,-1.5661069258891576,0.02673527282213031,-0.6025119615158758,0.0,1.2678566077655793
-1.6134714654430558,-0.7892723355548015,-1.5661069258891576,0.881206972209135,-0.6025119615158758,0.0,0.1794803970538311
-0.610397638733879,1.266989801811655,-0.3693648410115938,1.0471095949379599,-0.6025119615158758,0.0,-0.539655322480331
-0.6376128200787016,-0.7892723355548015,0.8273772438659699,-0.11420876416381363,-0.6025119615158758,0.0,-0.7910362654711258
-1.718444307773086,1.266989801811655,-1.5661069258891576,0.4664504153870731,0.8102200324595066,0.0,1.4192967965159125
-0.2877033456452678,-0.7892723355548015,0.8273772438659699,-0.9437218778079376,0.8102200324595066,0.0,-0.8573963791480459
1.512386506162286,-0.7892723355548015,0.8273772438659699,-0.9437218778079376,-0.6025119615158758,0.0,-0.7692581892953521
-1.0225132419554788,-0.7892723355548015,0.8273772438659699,-1.690283680087649,2.9293180234225806,0.0,0.35860482934120075
-0.9952980606106561,-0.7892723355548015,0.8273772438659699,0.5494017267514855,-0.6025119615158758,0.0,-0.7890040358414437
0.7659129607042939,-0.7892723355548015,0.8273772438659699,-2.2294672039563297,2.9293180234225806,0.0,0.18823461699707605
1.7067806586253047,-0.7892723355548015,0.8273772438659699,-0.3630626982570508,-0.6025119615158758,0.0,-0.8303227815333896
0.5326399777486714,-0.7892723355548015,-0.3693648410115938,2.0425253313109084,-0.6025119615158758,0.0,0.0954164367952591
-1.1585891486795918,-0.7892723355548015,0.8273772438659699,-1.690283680087649,2.222952026434889,0.0,0.5045492047901105
0.7192583641131695,1.266989801811655,-1.5661069258891576,2.084000986993115,-0.6025119615158758,0.0,0.2908231319569791
0.6376128200787016,1.266989801811655,-1.5661069258891576,0.881206972209135,-0.6025119615158758,0.0,2.0316232164746784
-0.41989136932012056,1.266989801811655,-1.5661069258891576,0.9641582835735475,-0.6025119615158758,0.0,2.0316232164746784
-0.5015369133545884,1.266989801811655,-0.3693648410115938,-0.4460140096214632,0.8102200324595066,0.0,0.0954164367952591
-1.419077312980037,-0.7892723355548015,0.8273772438659699,-0.6119166323502879,-0.6025119615158758,0.0,-0.735062017642051
1.3063287045514862,1.266989801811655,-1.5661069258891576,-1.02667318917235,0.8102200324595066,0.0,1.6098183242985895
-1.0808314876943843,-0.7892723355548015,0.8273772438659699,1.295963529031197,0.8102200324595066,0.0,0.18823461699707605
-1.220795277467758,-0.7892723355548015,0.8273772438659699,-0.7778192550791128,-0.6025119615158758,0.0,-0.8303227815333896
0.5676309251920149,1.266989801811655,-1.5661069258891576,1.8766227085820837,0.8102200324595066,0.0,2.0316232164746784
-0.3188064100393508,-0.7892723355548015,0.8273772438659699,0.4664504153870731,-0.6025119615158758,0.0,-0.8303227815333896
1.3724227163889124,-0.7892723355548015,0.8273772438659699,0.051693858565011144,-0.6025119615158758,0.0,-0.8215685615901446
-1.543489570556369,-0.7892723355548015,0.8273772438659699,0.02673527282213031,2.222952026434889,0.0,-0.1156618753184308
-0.859222153886543,1.266989801811655,-1.5661069258891576,0.7153043494803103,0.8102200324595066,0.0,2.0316232164746784
-0.797016025098377,-0.7892723355548015,0.8273772438659699,0.02673527282213031,0.8102200324595066,0.0,-0.46861521845428766
1.4035257807829955,-0.7892723355548015,-1.5661069258891576,0.7982556608447227,-0.6025119615158758,0.0,-1.1747270817559212
-0.8942131013298863,1.266989801811655,-1.5661069258891576,0.13464516992942355,0.8102200324595066,0.0,2.0316232164746784
0.1283001406255924,-0.7892723355548015,0.8273772438659699,-0.6119166323502879,-0.6025119615158758,0.0,-0.8073234135128551
1.5357138044578482,-0.7892723355548015,0.8273772438659699,-0.7778192550791128,-0.6025119615158758,0.0,-0.7875775669667633
1.0225132419554788,1.266989801811655,-1.5661069258891576,-0.6119166323502879,-0.6025119615158758,0.0,2.0316232164746784
-0.5054247964038489,1.266989801811655,0.8273772438659699,-0.2801113868926384,-0.6025119615158758,0.0,-0.7910362654711258
1.6717897111819615,1.266989801811655,0.8273772438659699,-1.1925758119011747,-0.6025119615158758,0.0,-0.8217737386200644
-0.9292040487732297,-0.7892723355548015,0.8273772438659699,0.21759648129383594,0.8102200324595066,0.0,-0.4004280521776055
-0.7309220132609505,1.266989801811655,-1.5661069258891576,0.051693858565011144,-0.6025119615158758,0.0,2.0316232164746784
-1.3490954180933503,1.266989801811655,-0.3693648410115938,0.3834991040226607,-0.6025119615158758,0.0,-0.051138584576030925
0.49764903030532803,1.266989801811655,0.8273772438659699,0.02673527282213031,-0.6025119615158758,0.0,-0.7961266098800885
1.3335438858963087,1.266989801811655,0.8273772438659699,-2.2294672039563297,0.8102200324595066,0.0,-0.16960389351782373
0.4548823167634639,-0.7892723355548015,-0.3693648410115938,-0.11420876416381363,-0.6025119615158758,0.0,-0.515229485585116
0.29159122869452814,1.266989801811655,-1.5661069258891576,0.051693858565011144,-0.6025119615158758,0.0,2.0316232164746784
-0.9058767504776675,-0.7892723355548015,0.8273772438659699,-0.6119166323502879,-0.6025119615158758,0.0,-0.8205524467753036
-0.03499094744334338,-0.7892723355548015,0.8273772438659699,-0.6948679437147004,2.222952026434889,0.0,0.5045492047901105
-0.5948461065368374,-0.7892723355548015,-0.3693648410115938,0.5494017267514855,-0.6025119615158758,0.0,-0.5457617817041348
0.45099443371420356,-0.7892723355548015,0.8273772438659699,0.881206972209135,-0.6025119615158758,0.0,-0.7890040358414437
1.4851713248174634,1.266989801811655,-0.3693648410115938,-2.2294672039563297,-0.6025119615158758,0.0,0.6329900255199089
-0.9991859436599165,-0.7892723355548015,0.8273772438659699,0.881206972209135,0.8102200324595066,0.0,-0.417526138004256
-1.3413196519948296,-0.7892723355548015,0.8273772438659699,-0.11420876416381363,-0.6025119615158758,0.0,-0.7890040358414437
-0.38490042187677714,1.266989801811655,-0.3693648410115938,0.881206972209135,-0.6025119615158758,0.0,-0.539655322480331
0.9797465284136146,1.266989801811655,0.8273772438659699,0.02673527282213031,-0.6025119615158758,0.0,-0.7969424328323887
-0.48209749810828656,-0.7892723355548015,0.8273772438659699,-0.19716007552822604,-0.6025119615158758,0.0,-0.7890040358414437
-0.5248642116501506,1.266989801811655,-1.5661069258891576,-0.4460140096214632,-0.6025119615158758,0.0,2.0316232164746784
-1.5046107400637654,1.266989801811655,-0.3693648410115938,-2.0220889255452987,0.8102200324595066,0.0,0.18090686592851163
-0.9447555809702712,-0.7892723355548015,0.8273772438659699,0.3834991040226607,-0.6025119615158758,0.0,-0.8573963791480459
-0.2021699185615395,1.266989801811655,-1.5661069258891576,-0.5289653209858756,0.8102200324595066,0.0,2.0316232164746784
-1.2791135232066635,-0.7892723355548015,0.8273772438659699,2.084000986993115,-0.6025119615158758,0.0,-0.7961266098800885
-1.4657319095711616,1.266989801811655,0.8273772438659699,-1.02667318917235,2.9293180234225806,0.0,-0.7875775669667633
-0.45099443371420356,1.266989801811655,-1.5661069258891576,-1.1096245005367624,-0.6025119615158758,0.0,1.6576538832741783
-1.469619792620422,-0.7892723355548015,0.8273772438659699,-0.8607705664435251,-0.6025119615158758,0.0,-0.776180471471456
1.3218802367485276,-0.7892723355548015,0.8273772438659699,-0.3630626982570508,-0.6025119615158758,0.0,-0.8205524467753036
0.2060578016107999,-0.7892723355548015,-1.5661069258891576,-0.3630626982570508,0.8102200324595066,0.0,2.0316232164746784
-1.594032050196754,-0.7892723355548015,-1.5661069258891576,1.0471095949379599,0.8102200324595066,0.0,1.3655599553464393
-1.0575041893988222,-0.7892723355548015,0.8273772438659699,-0.6948679437147004,-0.6025119615158758,0.0,-0.7875775669667633
-0.8631100369358033,-0.7892723355548015,0.8273772438659699,0.02673527282213031,-0.6025119615158758,0.0,-0.7890040358414437
-0.6531643522757431,-0.7892723355548015,-0.3693648410115938,0.02673527282213031,-0.6025119615158758,0.0,-1.1747270817559212
0.9486434640195316,1.266989801811655,-1.5661069258891576,-1.1925758119011747,-0.6025119615158758,0.0,2.0316232164746784
-1.2285710435662787,-0.7892723355548015,0.8273772438659699,1.295963529031197,-0.6025119615158758,0.0,-0.8339866570676719
0.02332729829556225,-0.7892723355548015,0.8273772438659699,0.02673527282213031,0.8102200324595066,0.0,-0.19932036668454228
-0.6920431827683469,1.266989801811655,0.8273772438659699,-0.3630626982570508,0.8102200324595066,0.0,-0.7949053180353277
1.6601260620341802,-0.7892723355548015,-1.5661069258891576,0.3005477926582483,-0.6025119615158758,0.0,-0.9304687128037711
0.7386977793594713,1.266989801811655,-0.3693648410115938,-0.11420876416381363,-0.6025119615158758,0.0,-0.539655322480331
0.8553342708372826,-0.7892723355548015,-0.3693648410115938,0.21759648129383594,2.222952026434889,0.0,2.0316232164746784
1.7262200738716067,1.266989801811655,-1.5661069258891576,-0.2801113868926384,-0.6025119615158758,0.0,0.2908231319569791
-1.325768119797788,-0.7892723355548015,0.8273772438659699,0.6323530381158979,2.222952026434889,0.0,-0.7875775669667633
-1.0419526572017805,-0.7892723355548015,-1.5661069258891576,1.710720085853259,-0.6025119615158758,0.0,0.22792660195180042
0.38490042187677714,-0.7892723355548015,-1.5661069258891576,1.710720085853259,0.8102200324595066,0.0,2.0316232164746784
0.9136525165761882,-0.7892723355548015,0.8273772438659699,0.02673527282213031,-0.6025119615158758,0.0,-0.777196586286297
0.12052437452707164,-0.7892723355548015,-0.3693648410115938,0.3834991040226607,0.8102200324595066,0.0,-0.14884193215689093
-0.33435794223639226,1.266989801811655,0.8273772438659699,0.02673527282213031,-0.6025119615158758,0.0,-0.789814973626365
-0.7270341302116902,1.266989801811655,-1.5661069258891576,0.4664504153870731,-0.6025119615158758,0.0,2.0316232164746784
1.1313739673347691,-0.7892723355548015,0.8273772438659699,1.5448174631244342,0.8102200324595066,0.0,0.5045492047901105
0.06609401183742639,-0.7892723355548015,-1.5661069258891576,1.4618661517600218,-0.6025119615158758,0.0,0.7060623591756342
0.24104874905414328,1.266989801811655,-1.5661069258891576,0.02673527282213031,-0.6025119615158758,0.0,0.12228485737999564
